[{"model": "admin.logentry", "pk": 1, "fields": {"action_time": "2022-07-14T16:56:29.540Z", "user": 1, "content_type": 7, "object_id": "1", "object_repr": "movienight.example.com", "action_flag": 2, "change_message": "[{\"changed\": {\"fields\": [\"Domain name\", \"Display name\"]}}]"}}, {"model": "admin.logentry", "pk": 2, "fields": {"action_time": "2022-07-14T16:58:25.592Z", "user": 1, "content_type": 7, "object_id": "1", "object_repr": "example.com", "action_flag": 2, "change_message": "[{\"changed\": {\"fields\": [\"Domain name\", \"Display name\"]}}]"}}, {"model": "admin.logentry", "pk": 3, "fields": {"action_time": "2022-07-14T17:02:26.500Z", "user": 1, "content_type": 8, "object_id": "1", "object_repr": "fbarreiramovienight@gmail.com", "action_flag": 1, "change_message": "[{\"added\": {}}]"}}, {"model": "admin.logentry", "pk": 4, "fields": {"action_time": "2022-07-30T15:43:24.592Z", "user": 1, "content_type": 7, "object_id": "1", "object_repr": "movienight.example.com", "action_flag": 2, "change_message": "[{\"changed\": {\"fields\": [\"Domain name\", \"Display name\"]}}]"}}, {"model": "admin.logentry", "pk": 5, "fields": {"action_time": "2022-08-11T17:10:59.815Z", "user": 1, "content_type": 16, "object_id": "1", "object_repr": "Movie object (1)", "action_flag": 1, "change_message": "[{\"added\": {}}]"}}, {"model": "admin.logentry", "pk": 6, "fields": {"action_time": "2022-08-11T17:11:24.053Z", "user": 1, "content_type": 16, "object_id": "1", "object_repr": "Movie object (1)", "action_flag": 2, "change_message": "[]"}}, {"model": "admin.logentry", "pk": 7, "fields": {"action_time": "2022-08-11T17:28:12.146Z", "user": 1, "content_type": 16, "object_id": "2", "object_repr": "Movie object (2)", "action_flag": 1, "change_message": "[{\"added\": {}}]"}}, {"model": "admin.logentry", "pk": 8, "fields": {"action_time": "2022-08-11T17:33:05.400Z", "user": 1, "content_type": 16, "object_id": "3", "object_repr": "Movie object (3)", "action_flag": 1, "change_message": "[{\"added\": {}}]"}}, {"model": "admin.logentry", "pk": 9, "fields": {"action_time": "2022-08-11T17:33:41.791Z", "user": 1, "content_type": 16, "object_id": "3", "object_repr": "Movie object (3)", "action_flag": 2, "change_message": "[{\"changed\": {\"fields\": [\"Movie edition3\", \"Price 4k\"]}}]"}}, {"model": "admin.logentry", "pk": 10, "fields": {"action_time": "2022-08-11T17:37:20.124Z", "user": 1, "content_type": 16, "object_id": "4", "object_repr": "Movie object (4)", "action_flag": 1, "change_message": "[{\"added\": {}}]"}}, {"model": "admin.logentry", "pk": 11, "fields": {"action_time": "2022-08-11T17:40:20.015Z", "user": 1, "content_type": 16, "object_id": "5", "object_repr": "Movie object (5)", "action_flag": 1, "change_message": "[{\"added\": {}}]"}}, {"model": "admin.logentry", "pk": 12, "fields": {"action_time": "2022-08-11T17:42:42.002Z", "user": 1, "content_type": 16, "object_id": "6", "object_repr": "Movie object (6)", "action_flag": 1, "change_message": "[{\"added\": {}}]"}}, {"model": "admin.logentry", "pk": 13, "fields": {"action_time": "2022-08-11T17:46:10.132Z", "user": 1, "content_type": 16, "object_id": "7", "object_repr": "Movie object (7)", "action_flag": 1, "change_message": "[{\"added\": {}}]"}}, {"model": "admin.logentry", "pk": 14, "fields": {"action_time": "2022-08-11T17:48:22.667Z", "user": 1, "content_type": 16, "object_id": "8", "object_repr": "Movie object (8)", "action_flag": 1, "change_message": "[{\"added\": {}}]"}}, {"model": "admin.logentry", "pk": 15, "fields": {"action_time": "2022-08-11T17:50:36.083Z", "user": 1, "content_type": 16, "object_id": "9", "object_repr": "Movie object (9)", "action_flag": 1, "change_message": "[{\"added\": {}}]"}}, {"model": "admin.logentry", "pk": 16, "fields": {"action_time": "2022-08-11T17:53:00.973Z", "user": 1, "content_type": 16, "object_id": "10", "object_repr": "Movie object (10)", "action_flag": 1, "change_message": "[{\"added\": {}}]"}}, {"model": "admin.logentry", "pk": 17, "fields": {"action_time": "2022-08-11T17:55:14.331Z", "user": 1, "content_type": 16, "object_id": "11", "object_repr": "Movie object (11)", "action_flag": 1, "change_message": "[{\"added\": {}}]"}}, {"model": "admin.logentry", "pk": 18, "fields": {"action_time": "2022-08-11T17:55:23.879Z", "user": 1, "content_type": 16, "object_id": "11", "object_repr": "Movie object (11)", "action_flag": 2, "change_message": "[]"}}, {"model": "admin.logentry", "pk": 19, "fields": {"action_time": "2022-08-11T17:57:37.255Z", "user": 1, "content_type": 16, "object_id": "12", "object_repr": "Movie object (12)", "action_flag": 1, "change_message": "[{\"added\": {}}]"}}, {"model": "admin.logentry", "pk": 20, "fields": {"action_time": "2022-08-11T18:00:30.924Z", "user": 1, "content_type": 16, "object_id": "13", "object_repr": "Movie object (13)", "action_flag": 1, "change_message": "[{\"added\": {}}]"}}, {"model": "admin.logentry", "pk": 21, "fields": {"action_time": "2022-08-11T18:02:48.645Z", "user": 1, "content_type": 16, "object_id": "14", "object_repr": "Movie object (14)", "action_flag": 1, "change_message": "[{\"added\": {}}]"}}, {"model": "admin.logentry", "pk": 22, "fields": {"action_time": "2022-08-11T18:04:28.632Z", "user": 1, "content_type": 16, "object_id": "14", "object_repr": "Movie object (14)", "action_flag": 2, "change_message": "[]"}}, {"model": "admin.logentry", "pk": 23, "fields": {"action_time": "2022-08-11T18:09:26.186Z", "user": 1, "content_type": 16, "object_id": "15", "object_repr": "Movie object (15)", "action_flag": 1, "change_message": "[{\"added\": {}}]"}}, {"model": "admin.logentry", "pk": 24, "fields": {"action_time": "2022-08-11T18:12:48.197Z", "user": 1, "content_type": 16, "object_id": "16", "object_repr": "Movie object (16)", "action_flag": 1, "change_message": "[{\"added\": {}}]"}}, {"model": "admin.logentry", "pk": 25, "fields": {"action_time": "2022-08-12T15:49:19.161Z", "user": 1, "content_type": 16, "object_id": "17", "object_repr": "Movie object (17)", "action_flag": 1, "change_message": "[{\"added\": {}}]"}}, {"model": "admin.logentry", "pk": 26, "fields": {"action_time": "2022-08-12T15:50:00.669Z", "user": 1, "content_type": 16, "object_id": "15", "object_repr": "Movie object (15)", "action_flag": 2, "change_message": "[{\"changed\": {\"fields\": [\"Rating\"]}}]"}}, {"model": "admin.logentry", "pk": 27, "fields": {"action_time": "2022-08-12T15:50:10.563Z", "user": 1, "content_type": 16, "object_id": "1", "object_repr": "Movie object (1)", "action_flag": 2, "change_message": "[{\"changed\": {\"fields\": [\"Rating\"]}}]"}}, {"model": "admin.logentry", "pk": 28, "fields": {"action_time": "2022-08-12T15:50:21.127Z", "user": 1, "content_type": 16, "object_id": "2", "object_repr": "Movie object (2)", "action_flag": 2, "change_message": "[{\"changed\": {\"fields\": [\"Rating\"]}}]"}}, {"model": "admin.logentry", "pk": 29, "fields": {"action_time": "2022-08-12T15:50:29.551Z", "user": 1, "content_type": 16, "object_id": "3", "object_repr": "Movie object (3)", "action_flag": 2, "change_message": "[{\"changed\": {\"fields\": [\"Rating\"]}}]"}}, {"model": "admin.logentry", "pk": 30, "fields": {"action_time": "2022-08-12T15:50:42.030Z", "user": 1, "content_type": 16, "object_id": "4", "object_repr": "Movie object (4)", "action_flag": 2, "change_message": "[{\"changed\": {\"fields\": [\"Rating\"]}}]"}}, {"model": "admin.logentry", "pk": 31, "fields": {"action_time": "2022-08-12T15:50:50.570Z", "user": 1, "content_type": 16, "object_id": "5", "object_repr": "Movie object (5)", "action_flag": 2, "change_message": "[{\"changed\": {\"fields\": [\"Rating\"]}}]"}}, {"model": "admin.logentry", "pk": 32, "fields": {"action_time": "2022-08-12T15:51:02.307Z", "user": 1, "content_type": 16, "object_id": "6", "object_repr": "Movie object (6)", "action_flag": 2, "change_message": "[{\"changed\": {\"fields\": [\"Rating\"]}}]"}}, {"model": "admin.logentry", "pk": 33, "fields": {"action_time": "2022-08-12T15:51:19.938Z", "user": 1, "content_type": 16, "object_id": "7", "object_repr": "Movie object (7)", "action_flag": 2, "change_message": "[{\"changed\": {\"fields\": [\"Rating\"]}}]"}}, {"model": "admin.logentry", "pk": 34, "fields": {"action_time": "2022-08-12T15:51:34.091Z", "user": 1, "content_type": 16, "object_id": "8", "object_repr": "Movie object (8)", "action_flag": 2, "change_message": "[{\"changed\": {\"fields\": [\"Rating\"]}}]"}}, {"model": "admin.logentry", "pk": 35, "fields": {"action_time": "2022-08-12T15:51:39.988Z", "user": 1, "content_type": 16, "object_id": "15", "object_repr": "Movie object (15)", "action_flag": 2, "change_message": "[]"}}, {"model": "admin.logentry", "pk": 36, "fields": {"action_time": "2022-08-12T15:51:44.264Z", "user": 1, "content_type": 16, "object_id": "17", "object_repr": "Movie object (17)", "action_flag": 2, "change_message": "[]"}}, {"model": "admin.logentry", "pk": 37, "fields": {"action_time": "2022-08-12T15:51:51.453Z", "user": 1, "content_type": 16, "object_id": "1", "object_repr": "Movie object (1)", "action_flag": 2, "change_message": "[]"}}, {"model": "admin.logentry", "pk": 38, "fields": {"action_time": "2022-08-12T15:51:56.756Z", "user": 1, "content_type": 16, "object_id": "2", "object_repr": "Movie object (2)", "action_flag": 2, "change_message": "[]"}}, {"model": "admin.logentry", "pk": 39, "fields": {"action_time": "2022-08-12T15:52:02.238Z", "user": 1, "content_type": 16, "object_id": "3", "object_repr": "Movie object (3)", "action_flag": 2, "change_message": "[]"}}, {"model": "admin.logentry", "pk": 40, "fields": {"action_time": "2022-08-12T15:52:06.652Z", "user": 1, "content_type": 16, "object_id": "4", "object_repr": "Movie object (4)", "action_flag": 2, "change_message": "[]"}}, {"model": "admin.logentry", "pk": 41, "fields": {"action_time": "2022-08-12T15:52:13.686Z", "user": 1, "content_type": 16, "object_id": "5", "object_repr": "Movie object (5)", "action_flag": 2, "change_message": "[]"}}, {"model": "admin.logentry", "pk": 42, "fields": {"action_time": "2022-08-12T15:52:19.899Z", "user": 1, "content_type": 16, "object_id": "6", "object_repr": "Movie object (6)", "action_flag": 2, "change_message": "[]"}}, {"model": "admin.logentry", "pk": 43, "fields": {"action_time": "2022-08-12T15:52:26.294Z", "user": 1, "content_type": 16, "object_id": "7", "object_repr": "Movie object (7)", "action_flag": 2, "change_message": "[]"}}, {"model": "admin.logentry", "pk": 44, "fields": {"action_time": "2022-08-12T15:52:31.729Z", "user": 1, "content_type": 16, "object_id": "8", "object_repr": "Movie object (8)", "action_flag": 2, "change_message": "[]"}}, {"model": "admin.logentry", "pk": 45, "fields": {"action_time": "2022-08-12T15:52:42.885Z", "user": 1, "content_type": 16, "object_id": "9", "object_repr": "Movie object (9)", "action_flag": 2, "change_message": "[{\"changed\": {\"fields\": [\"Rating\"]}}]"}}, {"model": "admin.logentry", "pk": 46, "fields": {"action_time": "2022-08-12T15:52:53.363Z", "user": 1, "content_type": 16, "object_id": "10", "object_repr": "Movie object (10)", "action_flag": 2, "change_message": "[{\"changed\": {\"fields\": [\"Rating\"]}}]"}}, {"model": "admin.logentry", "pk": 47, "fields": {"action_time": "2022-08-12T15:53:03.311Z", "user": 1, "content_type": 16, "object_id": "11", "object_repr": "Movie object (11)", "action_flag": 2, "change_message": "[{\"changed\": {\"fields\": [\"Rating\"]}}]"}}, {"model": "admin.logentry", "pk": 48, "fields": {"action_time": "2022-08-12T15:53:15.595Z", "user": 1, "content_type": 16, "object_id": "12", "object_repr": "Movie object (12)", "action_flag": 2, "change_message": "[{\"changed\": {\"fields\": [\"Rating\"]}}]"}}, {"model": "admin.logentry", "pk": 49, "fields": {"action_time": "2022-08-12T15:53:28.931Z", "user": 1, "content_type": 16, "object_id": "13", "object_repr": "Movie object (13)", "action_flag": 2, "change_message": "[{\"changed\": {\"fields\": [\"Rating\"]}}]"}}, {"model": "admin.logentry", "pk": 50, "fields": {"action_time": "2022-08-12T15:53:40.715Z", "user": 1, "content_type": 16, "object_id": "14", "object_repr": "Movie object (14)", "action_flag": 2, "change_message": "[{\"changed\": {\"fields\": [\"Rating\"]}}]"}}, {"model": "admin.logentry", "pk": 51, "fields": {"action_time": "2022-08-12T15:53:50.349Z", "user": 1, "content_type": 16, "object_id": "16", "object_repr": "Movie object (16)", "action_flag": 2, "change_message": "[{\"changed\": {\"fields\": [\"Rating\"]}}]"}}, {"model": "admin.logentry", "pk": 52, "fields": {"action_time": "2022-08-12T15:56:53.952Z", "user": 1, "content_type": 16, "object_id": "18", "object_repr": "Movie object (18)", "action_flag": 1, "change_message": "[{\"added\": {}}]"}}, {"model": "admin.logentry", "pk": 53, "fields": {"action_time": "2022-08-12T15:58:50.753Z", "user": 1, "content_type": 16, "object_id": "19", "object_repr": "Movie object (19)", "action_flag": 1, "change_message": "[{\"added\": {}}]"}}, {"model": "admin.logentry", "pk": 54, "fields": {"action_time": "2022-08-12T16:00:57.802Z", "user": 1, "content_type": 16, "object_id": "20", "object_repr": "Movie object (20)", "action_flag": 1, "change_message": "[{\"added\": {}}]"}}, {"model": "admin.logentry", "pk": 55, "fields": {"action_time": "2022-08-12T16:03:32.534Z", "user": 1, "content_type": 16, "object_id": "21", "object_repr": "Movie object (21)", "action_flag": 1, "change_message": "[{\"added\": {}}]"}}, {"model": "admin.logentry", "pk": 56, "fields": {"action_time": "2022-08-12T16:05:14.445Z", "user": 1, "content_type": 16, "object_id": "22", "object_repr": "Movie object (22)", "action_flag": 1, "change_message": "[{\"added\": {}}]"}}, {"model": "admin.logentry", "pk": 57, "fields": {"action_time": "2022-08-12T16:07:13.209Z", "user": 1, "content_type": 16, "object_id": "23", "object_repr": "Movie object (23)", "action_flag": 1, "change_message": "[{\"added\": {}}]"}}, {"model": "admin.logentry", "pk": 58, "fields": {"action_time": "2022-08-12T16:08:52.962Z", "user": 1, "content_type": 16, "object_id": "24", "object_repr": "Movie object (24)", "action_flag": 1, "change_message": "[{\"added\": {}}]"}}, {"model": "admin.logentry", "pk": 59, "fields": {"action_time": "2022-08-12T16:11:24.177Z", "user": 1, "content_type": 16, "object_id": "25", "object_repr": "Movie object (25)", "action_flag": 1, "change_message": "[{\"added\": {}}]"}}, {"model": "admin.logentry", "pk": 60, "fields": {"action_time": "2022-08-12T16:25:03.899Z", "user": 1, "content_type": 16, "object_id": "26", "object_repr": "Movie object (26)", "action_flag": 1, "change_message": "[{\"added\": {}}]"}}, {"model": "admin.logentry", "pk": 61, "fields": {"action_time": "2022-08-12T16:27:11.381Z", "user": 1, "content_type": 16, "object_id": "27", "object_repr": "Movie object (27)", "action_flag": 1, "change_message": "[{\"added\": {}}]"}}, {"model": "admin.logentry", "pk": 62, "fields": {"action_time": "2022-08-12T16:30:49.812Z", "user": 1, "content_type": 16, "object_id": "28", "object_repr": "Movie object (28)", "action_flag": 1, "change_message": "[{\"added\": {}}]"}}, {"model": "admin.logentry", "pk": 63, "fields": {"action_time": "2022-08-12T16:34:50.507Z", "user": 1, "content_type": 16, "object_id": "29", "object_repr": "Movie object (29)", "action_flag": 1, "change_message": "[{\"added\": {}}]"}}, {"model": "admin.logentry", "pk": 64, "fields": {"action_time": "2022-08-12T16:37:11.175Z", "user": 1, "content_type": 16, "object_id": "30", "object_repr": "Movie object (30)", "action_flag": 1, "change_message": "[{\"added\": {}}]"}}, {"model": "admin.logentry", "pk": 65, "fields": {"action_time": "2022-08-12T16:39:42.378Z", "user": 1, "content_type": 16, "object_id": "31", "object_repr": "Movie object (31)", "action_flag": 1, "change_message": "[{\"added\": {}}]"}}, {"model": "admin.logentry", "pk": 66, "fields": {"action_time": "2022-08-12T16:43:18.382Z", "user": 1, "content_type": 16, "object_id": "32", "object_repr": "Movie object (32)", "action_flag": 1, "change_message": "[{\"added\": {}}]"}}, {"model": "admin.logentry", "pk": 67, "fields": {"action_time": "2022-08-12T16:46:08.617Z", "user": 1, "content_type": 16, "object_id": "33", "object_repr": "Movie object (33)", "action_flag": 1, "change_message": "[{\"added\": {}}]"}}, {"model": "admin.logentry", "pk": 68, "fields": {"action_time": "2022-08-12T16:49:50.011Z", "user": 1, "content_type": 16, "object_id": "34", "object_repr": "Movie object (34)", "action_flag": 1, "change_message": "[{\"added\": {}}]"}}, {"model": "admin.logentry", "pk": 69, "fields": {"action_time": "2022-08-12T16:50:03.482Z", "user": 1, "content_type": 16, "object_id": "33", "object_repr": "Movie object (33)", "action_flag": 2, "change_message": "[{\"changed\": {\"fields\": [\"Sku\"]}}]"}}, {"model": "admin.logentry", "pk": 70, "fields": {"action_time": "2022-08-12T16:51:53.931Z", "user": 1, "content_type": 16, "object_id": "35", "object_repr": "Movie object (35)", "action_flag": 1, "change_message": "[{\"added\": {}}]"}}, {"model": "admin.logentry", "pk": 71, "fields": {"action_time": "2022-08-12T16:54:01.585Z", "user": 1, "content_type": 16, "object_id": "36", "object_repr": "Movie object (36)", "action_flag": 1, "change_message": "[{\"added\": {}}]"}}, {"model": "admin.logentry", "pk": 72, "fields": {"action_time": "2022-08-12T16:56:50.047Z", "user": 1, "content_type": 16, "object_id": "37", "object_repr": "Movie object (37)", "action_flag": 1, "change_message": "[{\"added\": {}}]"}}, {"model": "admin.logentry", "pk": 73, "fields": {"action_time": "2022-08-12T17:01:28.349Z", "user": 1, "content_type": 16, "object_id": "38", "object_repr": "Movie object (38)", "action_flag": 1, "change_message": "[{\"added\": {}}]"}}, {"model": "admin.logentry", "pk": 74, "fields": {"action_time": "2022-08-12T17:04:12.507Z", "user": 1, "content_type": 16, "object_id": "39", "object_repr": "Movie object (39)", "action_flag": 1, "change_message": "[{\"added\": {}}]"}}, {"model": "admin.logentry", "pk": 75, "fields": {"action_time": "2022-08-12T17:06:38.990Z", "user": 1, "content_type": 16, "object_id": "40", "object_repr": "Movie object (40)", "action_flag": 1, "change_message": "[{\"added\": {}}]"}}, {"model": "admin.logentry", "pk": 76, "fields": {"action_time": "2022-08-12T17:10:50.848Z", "user": 1, "content_type": 16, "object_id": "41", "object_repr": "Movie object (41)", "action_flag": 1, "change_message": "[{\"added\": {}}]"}}, {"model": "admin.logentry", "pk": 77, "fields": {"action_time": "2022-08-12T17:13:19.180Z", "user": 1, "content_type": 16, "object_id": "42", "object_repr": "Movie object (42)", "action_flag": 1, "change_message": "[{\"added\": {}}]"}}, {"model": "admin.logentry", "pk": 78, "fields": {"action_time": "2022-08-12T17:16:45.141Z", "user": 1, "content_type": 16, "object_id": "43", "object_repr": "Movie object (43)", "action_flag": 1, "change_message": "[{\"added\": {}}]"}}, {"model": "admin.logentry", "pk": 79, "fields": {"action_time": "2022-08-12T17:19:52.688Z", "user": 1, "content_type": 16, "object_id": "44", "object_repr": "Movie object (44)", "action_flag": 1, "change_message": "[{\"added\": {}}]"}}, {"model": "admin.logentry", "pk": 80, "fields": {"action_time": "2022-08-12T17:22:02.204Z", "user": 1, "content_type": 16, "object_id": "45", "object_repr": "Movie object (45)", "action_flag": 1, "change_message": "[{\"added\": {}}]"}}, {"model": "admin.logentry", "pk": 81, "fields": {"action_time": "2022-08-12T17:23:25.506Z", "user": 1, "content_type": 16, "object_id": "46", "object_repr": "Movie object (46)", "action_flag": 1, "change_message": "[{\"added\": {}}]"}}, {"model": "admin.logentry", "pk": 82, "fields": {"action_time": "2022-08-12T17:25:05.348Z", "user": 1, "content_type": 16, "object_id": "47", "object_repr": "Movie object (47)", "action_flag": 1, "change_message": "[{\"added\": {}}]"}}, {"model": "admin.logentry", "pk": 83, "fields": {"action_time": "2022-08-12T17:25:39.650Z", "user": 1, "content_type": 16, "object_id": "45", "object_repr": "Movie object (45)", "action_flag": 2, "change_message": "[{\"changed\": {\"fields\": [\"Sku\"]}}]"}}, {"model": "admin.logentry", "pk": 84, "fields": {"action_time": "2022-08-12T17:25:59.505Z", "user": 1, "content_type": 16, "object_id": "46", "object_repr": "Movie object (46)", "action_flag": 2, "change_message": "[{\"changed\": {\"fields\": [\"Sku\"]}}]"}}, {"model": "admin.logentry", "pk": 85, "fields": {"action_time": "2022-08-12T17:26:11.440Z", "user": 1, "content_type": 16, "object_id": "47", "object_repr": "Movie object (47)", "action_flag": 2, "change_message": "[{\"changed\": {\"fields\": [\"Sku\"]}}]"}}, {"model": "admin.logentry", "pk": 86, "fields": {"action_time": "2022-08-12T17:26:36.569Z", "user": 1, "content_type": 16, "object_id": "44", "object_repr": "Movie object (44)", "action_flag": 2, "change_message": "[{\"changed\": {\"fields\": [\"Sku\"]}}]"}}, {"model": "admin.logentry", "pk": 87, "fields": {"action_time": "2022-08-12T17:29:20.184Z", "user": 1, "content_type": 16, "object_id": "48", "object_repr": "Movie object (48)", "action_flag": 1, "change_message": "[{\"added\": {}}]"}}, {"model": "admin.logentry", "pk": 88, "fields": {"action_time": "2022-08-12T17:34:00.844Z", "user": 1, "content_type": 16, "object_id": "49", "object_repr": "Movie object (49)", "action_flag": 1, "change_message": "[{\"added\": {}}]"}}, {"model": "admin.logentry", "pk": 89, "fields": {"action_time": "2022-08-12T17:36:32.004Z", "user": 1, "content_type": 16, "object_id": "50", "object_repr": "Movie object (50)", "action_flag": 1, "change_message": "[{\"added\": {}}]"}}, {"model": "admin.logentry", "pk": 90, "fields": {"action_time": "2022-08-12T17:38:11.282Z", "user": 1, "content_type": 16, "object_id": "51", "object_repr": "Movie object (51)", "action_flag": 1, "change_message": "[{\"added\": {}}]"}}, {"model": "admin.logentry", "pk": 91, "fields": {"action_time": "2022-08-12T17:38:44.868Z", "user": 1, "content_type": 16, "object_id": "49", "object_repr": "Movie object (49)", "action_flag": 2, "change_message": "[{\"changed\": {\"fields\": [\"Sku\"]}}]"}}, {"model": "admin.logentry", "pk": 92, "fields": {"action_time": "2022-08-12T17:38:54.970Z", "user": 1, "content_type": 16, "object_id": "50", "object_repr": "Movie object (50)", "action_flag": 2, "change_message": "[{\"changed\": {\"fields\": [\"Sku\"]}}]"}}, {"model": "admin.logentry", "pk": 93, "fields": {"action_time": "2022-08-12T17:39:04.572Z", "user": 1, "content_type": 16, "object_id": "51", "object_repr": "Movie object (51)", "action_flag": 2, "change_message": "[{\"changed\": {\"fields\": [\"Sku\"]}}]"}}, {"model": "admin.logentry", "pk": 94, "fields": {"action_time": "2022-08-12T17:40:58.584Z", "user": 1, "content_type": 16, "object_id": "52", "object_repr": "Movie object (52)", "action_flag": 1, "change_message": "[{\"added\": {}}]"}}, {"model": "admin.logentry", "pk": 95, "fields": {"action_time": "2022-08-12T17:42:49.693Z", "user": 1, "content_type": 16, "object_id": "53", "object_repr": "Movie object (53)", "action_flag": 1, "change_message": "[{\"added\": {}}]"}}, {"model": "admin.logentry", "pk": 96, "fields": {"action_time": "2022-08-12T17:58:50.151Z", "user": 1, "content_type": 16, "object_id": "54", "object_repr": "Movie object (54)", "action_flag": 1, "change_message": "[{\"added\": {}}]"}}, {"model": "admin.logentry", "pk": 97, "fields": {"action_time": "2022-08-12T18:00:47.498Z", "user": 1, "content_type": 16, "object_id": "55", "object_repr": "Movie object (55)", "action_flag": 1, "change_message": "[{\"added\": {}}]"}}, {"model": "admin.logentry", "pk": 98, "fields": {"action_time": "2022-08-12T18:03:08.459Z", "user": 1, "content_type": 16, "object_id": "56", "object_repr": "Movie object (56)", "action_flag": 1, "change_message": "[{\"added\": {}}]"}}, {"model": "admin.logentry", "pk": 99, "fields": {"action_time": "2022-08-12T18:04:54.455Z", "user": 1, "content_type": 16, "object_id": "57", "object_repr": "Movie object (57)", "action_flag": 1, "change_message": "[{\"added\": {}}]"}}, {"model": "admin.logentry", "pk": 100, "fields": {"action_time": "2022-08-12T18:07:09.281Z", "user": 1, "content_type": 16, "object_id": "58", "object_repr": "Movie object (58)", "action_flag": 1, "change_message": "[{\"added\": {}}]"}}, {"model": "admin.logentry", "pk": 101, "fields": {"action_time": "2022-08-12T18:08:52.144Z", "user": 1, "content_type": 16, "object_id": "59", "object_repr": "Movie object (59)", "action_flag": 1, "change_message": "[{\"added\": {}}]"}}, {"model": "admin.logentry", "pk": 102, "fields": {"action_time": "2022-08-12T18:11:11.189Z", "user": 1, "content_type": 16, "object_id": "60", "object_repr": "Movie object (60)", "action_flag": 1, "change_message": "[{\"added\": {}}]"}}, {"model": "admin.logentry", "pk": 103, "fields": {"action_time": "2022-08-12T18:12:56.445Z", "user": 1, "content_type": 16, "object_id": "61", "object_repr": "Movie object (61)", "action_flag": 1, "change_message": "[{\"added\": {}}]"}}, {"model": "admin.logentry", "pk": 104, "fields": {"action_time": "2022-08-12T18:14:37.796Z", "user": 1, "content_type": 16, "object_id": "62", "object_repr": "Movie object (62)", "action_flag": 1, "change_message": "[{\"added\": {}}]"}}, {"model": "admin.logentry", "pk": 105, "fields": {"action_time": "2022-08-12T18:26:07.574Z", "user": 1, "content_type": 16, "object_id": "63", "object_repr": "Movie object (63)", "action_flag": 1, "change_message": "[{\"added\": {}}]"}}, {"model": "admin.logentry", "pk": 106, "fields": {"action_time": "2022-08-12T18:28:44.415Z", "user": 1, "content_type": 16, "object_id": "64", "object_repr": "Movie object (64)", "action_flag": 1, "change_message": "[{\"added\": {}}]"}}, {"model": "admin.logentry", "pk": 107, "fields": {"action_time": "2022-08-12T18:31:25.160Z", "user": 1, "content_type": 16, "object_id": "65", "object_repr": "Movie object (65)", "action_flag": 1, "change_message": "[{\"added\": {}}]"}}, {"model": "admin.logentry", "pk": 108, "fields": {"action_time": "2022-08-12T18:33:15.685Z", "user": 1, "content_type": 16, "object_id": "66", "object_repr": "Movie object (66)", "action_flag": 1, "change_message": "[{\"added\": {}}]"}}, {"model": "admin.logentry", "pk": 109, "fields": {"action_time": "2022-08-12T18:35:58.546Z", "user": 1, "content_type": 16, "object_id": "67", "object_repr": "Movie object (67)", "action_flag": 1, "change_message": "[{\"added\": {}}]"}}, {"model": "admin.logentry", "pk": 110, "fields": {"action_time": "2022-08-12T18:37:47.136Z", "user": 1, "content_type": 16, "object_id": "68", "object_repr": "Movie object (68)", "action_flag": 1, "change_message": "[{\"added\": {}}]"}}, {"model": "admin.logentry", "pk": 111, "fields": {"action_time": "2022-08-12T18:39:28.559Z", "user": 1, "content_type": 16, "object_id": "69", "object_repr": "Movie object (69)", "action_flag": 1, "change_message": "[{\"added\": {}}]"}}, {"model": "admin.logentry", "pk": 112, "fields": {"action_time": "2022-08-12T18:41:49.835Z", "user": 1, "content_type": 16, "object_id": "70", "object_repr": "Movie object (70)", "action_flag": 1, "change_message": "[{\"added\": {}}]"}}, {"model": "admin.logentry", "pk": 113, "fields": {"action_time": "2022-08-12T18:43:37.365Z", "user": 1, "content_type": 16, "object_id": "71", "object_repr": "Movie object (71)", "action_flag": 1, "change_message": "[{\"added\": {}}]"}}, {"model": "admin.logentry", "pk": 114, "fields": {"action_time": "2022-08-12T18:46:03.221Z", "user": 1, "content_type": 16, "object_id": "72", "object_repr": "Movie object (72)", "action_flag": 1, "change_message": "[{\"added\": {}}]"}}, {"model": "admin.logentry", "pk": 115, "fields": {"action_time": "2022-08-12T18:48:05.861Z", "user": 1, "content_type": 16, "object_id": "73", "object_repr": "Movie object (73)", "action_flag": 1, "change_message": "[{\"added\": {}}]"}}, {"model": "admin.logentry", "pk": 116, "fields": {"action_time": "2022-08-12T18:49:50.841Z", "user": 1, "content_type": 16, "object_id": "74", "object_repr": "Movie object (74)", "action_flag": 1, "change_message": "[{\"added\": {}}]"}}, {"model": "admin.logentry", "pk": 117, "fields": {"action_time": "2022-08-12T18:51:55.844Z", "user": 1, "content_type": 16, "object_id": "75", "object_repr": "Movie object (75)", "action_flag": 1, "change_message": "[{\"added\": {}}]"}}, {"model": "admin.logentry", "pk": 118, "fields": {"action_time": "2022-08-12T18:54:24.430Z", "user": 1, "content_type": 16, "object_id": "76", "object_repr": "Movie object (76)", "action_flag": 1, "change_message": "[{\"added\": {}}]"}}, {"model": "admin.logentry", "pk": 119, "fields": {"action_time": "2022-08-12T18:57:41.498Z", "user": 1, "content_type": 16, "object_id": "77", "object_repr": "Movie object (77)", "action_flag": 1, "change_message": "[{\"added\": {}}]"}}, {"model": "admin.logentry", "pk": 120, "fields": {"action_time": "2022-08-12T19:00:37.971Z", "user": 1, "content_type": 16, "object_id": "78", "object_repr": "Movie object (78)", "action_flag": 1, "change_message": "[{\"added\": {}}]"}}, {"model": "admin.logentry", "pk": 121, "fields": {"action_time": "2022-08-12T19:02:40.699Z", "user": 1, "content_type": 16, "object_id": "79", "object_repr": "Movie object (79)", "action_flag": 1, "change_message": "[{\"added\": {}}]"}}, {"model": "admin.logentry", "pk": 122, "fields": {"action_time": "2022-08-12T19:04:50.538Z", "user": 1, "content_type": 16, "object_id": "80", "object_repr": "Movie object (80)", "action_flag": 1, "change_message": "[{\"added\": {}}]"}}, {"model": "admin.logentry", "pk": 123, "fields": {"action_time": "2022-08-12T19:07:23.756Z", "user": 1, "content_type": 16, "object_id": "81", "object_repr": "Movie object (81)", "action_flag": 1, "change_message": "[{\"added\": {}}]"}}, {"model": "admin.logentry", "pk": 124, "fields": {"action_time": "2022-08-12T19:09:50.833Z", "user": 1, "content_type": 16, "object_id": "82", "object_repr": "Movie object (82)", "action_flag": 1, "change_message": "[{\"added\": {}}]"}}, {"model": "admin.logentry", "pk": 125, "fields": {"action_time": "2022-08-13T15:23:05.860Z", "user": 1, "content_type": 16, "object_id": "45", "object_repr": "Movie object (45)", "action_flag": 2, "change_message": "[{\"changed\": {\"fields\": [\"Cover\"]}}]"}}, {"model": "admin.logentry", "pk": 126, "fields": {"action_time": "2022-08-13T15:23:58.884Z", "user": 1, "content_type": 16, "object_id": "58", "object_repr": "Movie object (58)", "action_flag": 2, "change_message": "[{\"changed\": {\"fields\": [\"Cover url\", \"Cover\"]}}]"}}, {"model": "admin.logentry", "pk": 127, "fields": {"action_time": "2022-08-14T13:11:33.485Z", "user": 1, "content_type": 16, "object_id": "83", "object_repr": "Movie object (83)", "action_flag": 1, "change_message": "[{\"added\": {}}]"}}, {"model": "admin.logentry", "pk": 128, "fields": {"action_time": "2022-08-14T15:16:21.095Z", "user": 1, "content_type": 16, "object_id": "73", "object_repr": "Movie object (73)", "action_flag": 2, "change_message": "[{\"changed\": {\"fields\": [\"Rating\"]}}]"}}, {"model": "admin.logentry", "pk": 129, "fields": {"action_time": "2022-08-22T13:48:21.175Z", "user": 1, "content_type": 17, "object_id": "7", "object_repr": "1D9EA8CACD4A4AE5A576C701F75F79E0", "action_flag": 2, "change_message": "[{\"changed\": {\"name\": \"order line item\", \"object\": \"SKU d012 on order 1D9EA8CACD4A4AE5A576C701F75F79E0\", \"fields\": [\"Quantity\"]}}]"}}, {"model": "auth.permission", "pk": 1, "fields": {"name": "Can add log entry", "content_type": 1, "codename": "add_logentry"}}, {"model": "auth.permission", "pk": 2, "fields": {"name": "Can change log entry", "content_type": 1, "codename": "change_logentry"}}, {"model": "auth.permission", "pk": 3, "fields": {"name": "Can delete log entry", "content_type": 1, "codename": "delete_logentry"}}, {"model": "auth.permission", "pk": 4, "fields": {"name": "Can view log entry", "content_type": 1, "codename": "view_logentry"}}, {"model": "auth.permission", "pk": 5, "fields": {"name": "Can add permission", "content_type": 2, "codename": "add_permission"}}, {"model": "auth.permission", "pk": 6, "fields": {"name": "Can change permission", "content_type": 2, "codename": "change_permission"}}, {"model": "auth.permission", "pk": 7, "fields": {"name": "Can delete permission", "content_type": 2, "codename": "delete_permission"}}, {"model": "auth.permission", "pk": 8, "fields": {"name": "Can view permission", "content_type": 2, "codename": "view_permission"}}, {"model": "auth.permission", "pk": 9, "fields": {"name": "Can add group", "content_type": 3, "codename": "add_group"}}, {"model": "auth.permission", "pk": 10, "fields": {"name": "Can change group", "content_type": 3, "codename": "change_group"}}, {"model": "auth.permission", "pk": 11, "fields": {"name": "Can delete group", "content_type": 3, "codename": "delete_group"}}, {"model": "auth.permission", "pk": 12, "fields": {"name": "Can view group", "content_type": 3, "codename": "view_group"}}, {"model": "auth.permission", "pk": 13, "fields": {"name": "Can add user", "content_type": 4, "codename": "add_user"}}, {"model": "auth.permission", "pk": 14, "fields": {"name": "Can change user", "content_type": 4, "codename": "change_user"}}, {"model": "auth.permission", "pk": 15, "fields": {"name": "Can delete user", "content_type": 4, "codename": "delete_user"}}, {"model": "auth.permission", "pk": 16, "fields": {"name": "Can view user", "content_type": 4, "codename": "view_user"}}, {"model": "auth.permission", "pk": 17, "fields": {"name": "Can add content type", "content_type": 5, "codename": "add_contenttype"}}, {"model": "auth.permission", "pk": 18, "fields": {"name": "Can change content type", "content_type": 5, "codename": "change_contenttype"}}, {"model": "auth.permission", "pk": 19, "fields": {"name": "Can delete content type", "content_type": 5, "codename": "delete_contenttype"}}, {"model": "auth.permission", "pk": 20, "fields": {"name": "Can view content type", "content_type": 5, "codename": "view_contenttype"}}, {"model": "auth.permission", "pk": 21, "fields": {"name": "Can add session", "content_type": 6, "codename": "add_session"}}, {"model": "auth.permission", "pk": 22, "fields": {"name": "Can change session", "content_type": 6, "codename": "change_session"}}, {"model": "auth.permission", "pk": 23, "fields": {"name": "Can delete session", "content_type": 6, "codename": "delete_session"}}, {"model": "auth.permission", "pk": 24, "fields": {"name": "Can view session", "content_type": 6, "codename": "view_session"}}, {"model": "auth.permission", "pk": 25, "fields": {"name": "Can add site", "content_type": 7, "codename": "add_site"}}, {"model": "auth.permission", "pk": 26, "fields": {"name": "Can change site", "content_type": 7, "codename": "change_site"}}, {"model": "auth.permission", "pk": 27, "fields": {"name": "Can delete site", "content_type": 7, "codename": "delete_site"}}, {"model": "auth.permission", "pk": 28, "fields": {"name": "Can view site", "content_type": 7, "codename": "view_site"}}, {"model": "auth.permission", "pk": 29, "fields": {"name": "Can add email address", "content_type": 8, "codename": "add_emailaddress"}}, {"model": "auth.permission", "pk": 30, "fields": {"name": "Can change email address", "content_type": 8, "codename": "change_emailaddress"}}, {"model": "auth.permission", "pk": 31, "fields": {"name": "Can delete email address", "content_type": 8, "codename": "delete_emailaddress"}}, {"model": "auth.permission", "pk": 32, "fields": {"name": "Can view email address", "content_type": 8, "codename": "view_emailaddress"}}, {"model": "auth.permission", "pk": 33, "fields": {"name": "Can add email confirmation", "content_type": 9, "codename": "add_emailconfirmation"}}, {"model": "auth.permission", "pk": 34, "fields": {"name": "Can change email confirmation", "content_type": 9, "codename": "change_emailconfirmation"}}, {"model": "auth.permission", "pk": 35, "fields": {"name": "Can delete email confirmation", "content_type": 9, "codename": "delete_emailconfirmation"}}, {"model": "auth.permission", "pk": 36, "fields": {"name": "Can view email confirmation", "content_type": 9, "codename": "view_emailconfirmation"}}, {"model": "auth.permission", "pk": 37, "fields": {"name": "Can add social account", "content_type": 10, "codename": "add_socialaccount"}}, {"model": "auth.permission", "pk": 38, "fields": {"name": "Can change social account", "content_type": 10, "codename": "change_socialaccount"}}, {"model": "auth.permission", "pk": 39, "fields": {"name": "Can delete social account", "content_type": 10, "codename": "delete_socialaccount"}}, {"model": "auth.permission", "pk": 40, "fields": {"name": "Can view social account", "content_type": 10, "codename": "view_socialaccount"}}, {"model": "auth.permission", "pk": 41, "fields": {"name": "Can add social application", "content_type": 11, "codename": "add_socialapp"}}, {"model": "auth.permission", "pk": 42, "fields": {"name": "Can change social application", "content_type": 11, "codename": "change_socialapp"}}, {"model": "auth.permission", "pk": 43, "fields": {"name": "Can delete social application", "content_type": 11, "codename": "delete_socialapp"}}, {"model": "auth.permission", "pk": 44, "fields": {"name": "Can view social application", "content_type": 11, "codename": "view_socialapp"}}, {"model": "auth.permission", "pk": 45, "fields": {"name": "Can add social application token", "content_type": 12, "codename": "add_socialtoken"}}, {"model": "auth.permission", "pk": 46, "fields": {"name": "Can change social application token", "content_type": 12, "codename": "change_socialtoken"}}, {"model": "auth.permission", "pk": 47, "fields": {"name": "Can delete social application token", "content_type": 12, "codename": "delete_socialtoken"}}, {"model": "auth.permission", "pk": 48, "fields": {"name": "Can view social application token", "content_type": 12, "codename": "view_socialtoken"}}, {"model": "auth.permission", "pk": 49, "fields": {"name": "Can add category", "content_type": 13, "codename": "add_category"}}, {"model": "auth.permission", "pk": 50, "fields": {"name": "Can change category", "content_type": 13, "codename": "change_category"}}, {"model": "auth.permission", "pk": 51, "fields": {"name": "Can delete category", "content_type": 13, "codename": "delete_category"}}, {"model": "auth.permission", "pk": 52, "fields": {"name": "Can view category", "content_type": 13, "codename": "view_category"}}, {"model": "auth.permission", "pk": 53, "fields": {"name": "Can add edition", "content_type": 14, "codename": "add_edition"}}, {"model": "auth.permission", "pk": 54, "fields": {"name": "Can change edition", "content_type": 14, "codename": "change_edition"}}, {"model": "auth.permission", "pk": 55, "fields": {"name": "Can delete edition", "content_type": 14, "codename": "delete_edition"}}, {"model": "auth.permission", "pk": 56, "fields": {"name": "Can view edition", "content_type": 14, "codename": "view_edition"}}, {"model": "auth.permission", "pk": 57, "fields": {"name": "Can add sub_ category", "content_type": 15, "codename": "add_sub_category"}}, {"model": "auth.permission", "pk": 58, "fields": {"name": "Can change sub_ category", "content_type": 15, "codename": "change_sub_category"}}, {"model": "auth.permission", "pk": 59, "fields": {"name": "Can delete sub_ category", "content_type": 15, "codename": "delete_sub_category"}}, {"model": "auth.permission", "pk": 60, "fields": {"name": "Can view sub_ category", "content_type": 15, "codename": "view_sub_category"}}, {"model": "auth.permission", "pk": 61, "fields": {"name": "Can add movie", "content_type": 16, "codename": "add_movie"}}, {"model": "auth.permission", "pk": 62, "fields": {"name": "Can change movie", "content_type": 16, "codename": "change_movie"}}, {"model": "auth.permission", "pk": 63, "fields": {"name": "Can delete movie", "content_type": 16, "codename": "delete_movie"}}, {"model": "auth.permission", "pk": 64, "fields": {"name": "Can view movie", "content_type": 16, "codename": "view_movie"}}, {"model": "auth.permission", "pk": 65, "fields": {"name": "Can add order", "content_type": 17, "codename": "add_order"}}, {"model": "auth.permission", "pk": 66, "fields": {"name": "Can change order", "content_type": 17, "codename": "change_order"}}, {"model": "auth.permission", "pk": 67, "fields": {"name": "Can delete order", "content_type": 17, "codename": "delete_order"}}, {"model": "auth.permission", "pk": 68, "fields": {"name": "Can view order", "content_type": 17, "codename": "view_order"}}, {"model": "auth.permission", "pk": 69, "fields": {"name": "Can add order line item", "content_type": 18, "codename": "add_orderlineitem"}}, {"model": "auth.permission", "pk": 70, "fields": {"name": "Can change order line item", "content_type": 18, "codename": "change_orderlineitem"}}, {"model": "auth.permission", "pk": 71, "fields": {"name": "Can delete order line item", "content_type": 18, "codename": "delete_orderlineitem"}}, {"model": "auth.permission", "pk": 72, "fields": {"name": "Can view order line item", "content_type": 18, "codename": "view_orderlineitem"}}, {"model": "auth.permission", "pk": 73, "fields": {"name": "Can add user profile", "content_type": 19, "codename": "add_userprofile"}}, {"model": "auth.permission", "pk": 74, "fields": {"name": "Can change user profile", "content_type": 19, "codename": "change_userprofile"}}, {"model": "auth.permission", "pk": 75, "fields": {"name": "Can delete user profile", "content_type": 19, "codename": "delete_userprofile"}}, {"model": "auth.permission", "pk": 76, "fields": {"name": "Can view user profile", "content_type": 19, "codename": "view_userprofile"}}, {"model": "auth.user", "pk": 1, "fields": {"password": "pbkdf2_sha256$260000$9egLloxEDelL1491EG4xCL$+56lrqg08mEVBczB6DUILqN4p+8oRbHLFeJUMNH7Xhc=", "last_login": "2022-08-25T14:23:30.430Z", "is_superuser": true, "username": "fbarreira", "first_name": "", "last_name": "", "email": "fbarreiramovienight@gmail.com", "is_staff": true, "is_active": true, "date_joined": "2022-07-14T16:55:20.464Z", "groups": [], "user_permissions": []}}, {"model": "auth.user", "pk": 2, "fields": {"password": "pbkdf2_sha256$260000$t6WLgb9E9FblUYlwaM2XWc$7X/4w1T7E8iZ/Jb28K3cgtDbruDI4CDLZZaEoOo43eA=", "last_login": null, "is_superuser": false, "username": "fbarreira2", "first_name": "", "last_name": "", "email": "wepihbnaygby@jhv.com", "is_staff": false, "is_active": true, "date_joined": "2022-08-22T17:08:43.355Z", "groups": [], "user_permissions": []}}, {"model": "auth.user", "pk": 3, "fields": {"password": "pbkdf2_sha256$260000$bn9oPq1Nef90r79hbRwc2q$eMSkTamuWTXTl9zB811Rac8m5qEWJ8IDEuuqUglU/5I=", "last_login": "2022-08-22T17:41:54.955Z", "is_superuser": true, "username": "fbarreira1", "first_name": "", "last_name": "", "email": "fbarreiramovienight1992@gmail.com", "is_staff": true, "is_active": true, "date_joined": "2022-08-22T17:16:32.589Z", "groups": [], "user_permissions": []}}, {"model": "auth.user", "pk": 4, "fields": {"password": "pbkdf2_sha256$260000$sQw8s0FOLUZBcD3RhmSTV7$fwmeSzDXILxLEvd90p06KZeecYCV7NNKfEMPE3Djs9Y=", "last_login": null, "is_superuser": true, "username": "fbarreira17", "first_name": "", "last_name": "", "email": "fbmovienight17@gmail.com", "is_staff": true, "is_active": true, "date_joined": "2022-08-22T17:47:21.171Z", "groups": [], "user_permissions": []}}, {"model": "contenttypes.contenttype", "pk": 1, "fields": {"app_label": "admin", "model": "logentry"}}, {"model": "contenttypes.contenttype", "pk": 2, "fields": {"app_label": "auth", "model": "permission"}}, {"model": "contenttypes.contenttype", "pk": 3, "fields": {"app_label": "auth", "model": "group"}}, {"model": "contenttypes.contenttype", "pk": 4, "fields": {"app_label": "auth", "model": "user"}}, {"model": "contenttypes.contenttype", "pk": 5, "fields": {"app_label": "contenttypes", "model": "contenttype"}}, {"model": "contenttypes.contenttype", "pk": 6, "fields": {"app_label": "sessions", "model": "session"}}, {"model": "contenttypes.contenttype", "pk": 7, "fields": {"app_label": "sites", "model": "site"}}, {"model": "contenttypes.contenttype", "pk": 8, "fields": {"app_label": "account", "model": "emailaddress"}}, {"model": "contenttypes.contenttype", "pk": 9, "fields": {"app_label": "account", "model": "emailconfirmation"}}, {"model": "contenttypes.contenttype", "pk": 10, "fields": {"app_label": "socialaccount", "model": "socialaccount"}}, {"model": "contenttypes.contenttype", "pk": 11, "fields": {"app_label": "socialaccount", "model": "socialapp"}}, {"model": "contenttypes.contenttype", "pk": 12, "fields": {"app_label": "socialaccount", "model": "socialtoken"}}, {"model": "contenttypes.contenttype", "pk": 13, "fields": {"app_label": "products", "model": "category"}}, {"model": "contenttypes.contenttype", "pk": 14, "fields": {"app_label": "products", "model": "edition"}}, {"model": "contenttypes.contenttype", "pk": 15, "fields": {"app_label": "products", "model": "sub_category"}}, {"model": "contenttypes.contenttype", "pk": 16, "fields": {"app_label": "products", "model": "movie"}}, {"model": "contenttypes.contenttype", "pk": 17, "fields": {"app_label": "checkout", "model": "order"}}, {"model": "contenttypes.contenttype", "pk": 18, "fields": {"app_label": "checkout", "model": "orderlineitem"}}, {"model": "contenttypes.contenttype", "pk": 19, "fields": {"app_label": "profiles", "model": "userprofile"}}, {"model": "sessions.session", "pk": "02i8gjxfsr3ex7fpfhbefumtjphmfqxa", "fields": {"session_data": "e30:1oQArT:t6vcT7_NNFu2-nSfsIq7fDwcyE-2tmA6MWkHM-viJ7Y", "expire_date": "2022-09-05T17:05:15.660Z"}}, {"model": "sessions.session", "pk": "2d37rsv2ty8272qrisosqarllcs32swu", "fields": {"session_data": ".eJxVjMEKgzAQRP9lzyLZJAb12Hu_IWw2m2pbtBiFFvHfq-ChPQ3MvHkreFrmzi9ZJt9HaAGh-O0C8UOGY4h3Gm5jyeMwT30oD6Q811xexyjPy8n-CTrK3f6uNZMyKcbosBZGoqbi5BwKExptrDTWaXRRkQoWrWFOlTZESWKixIc0S879OHh5v_rpA60qINAN2hWwghYL0M0e2_YFdvFFYw:1oQC9f:X8VE_JEiaanBxgVPTNS7WHFo6OWPsL5rDOJ-QvqUMi4", "expire_date": "2022-09-05T18:28:07.286Z"}}, {"model": "sessions.session", "pk": "66r67vutwqd954k1k3z2qpva8728eyya", "fields": {"session_data": "eyJhY2NvdW50X3ZlcmlmaWVkX2VtYWlsIjpudWxsLCJhY2NvdW50X3VzZXIiOiIyIn0:1oQAv6:AJ6KQurQi7dZBiRCs5VBpk3hZhKuoD8kii1EqVj_3gU", "expire_date": "2022-09-05T17:09:00.733Z"}}, {"model": "sessions.session", "pk": "8nj0h9q1frzjpvm0hh7g6d3usik8vmeg", "fields": {"session_data": ".eJxVjMsKwjAQRf8lawl5NbRduvcbwnRmYqOSSNKCIv67FrrQ7T3nnpcIsC5zWBvXkEiMQovD7zYBXjlvgC6Qz0ViyUtNk9wUudMmT4X4dtzdv8AMbf6-e4OgbCQir3tGDTB0GL3XjKCtsY4H5432pEBNTjuLGDtjASJThIhbtHFrqeTAj3uqTzGq9we6UEA8:1oRFts:BhfD0G3KeZs6gZNLsCp7_VUnvrl0FAJgpHSB2epcBW4", "expire_date": "2022-09-08T16:40:12.975Z"}}, {"model": "sessions.session", "pk": "9jcwy9vldz1evq6f6ze03gidi1xs0jas", "fields": {"session_data": ".eJxVjEEOwiAQRe_C2hAGKGlduvcMZJgZpGogKe3KeHdt0oVu_3vvv1TEbS1x67LEmdVZgTr9bgnpIXUHfMd6a5paXZc56V3RB-362liel8P9OyjYy7ceLaFxmZkDjEKAOA2UQwAhBGedl8kHC4ENmuTBO6I8WIeYhTNmUu8P_A44_w:1oMBUg:wAXE30yiQwxhNm1hyWTqWWoI0OBcOjRnwnTiyKOQio4", "expire_date": "2022-08-25T16:57:14.297Z"}}, {"model": "sessions.session", "pk": "a8l72ofsukp9hccje9fcms9sv23ryohc", "fields": {"session_data": "eyJzYXZlX2luZm8iOmZhbHNlfQ:1oQ7lC:uTmAPym6h2xS3JjNNsgTU8NNAR7Gn4AhUWFk1YG9pYM", "expire_date": "2022-09-05T13:46:34.544Z"}}, {"model": "sessions.session", "pk": "e48ids9uwx0kqf7b3w1ryy2ubhe2g8f0", "fields": {"session_data": ".eJxVjEsOgzAMBe_iNYpwElKaZfc9A3JsB2grkPisEHcvSGzYvpl5GyRqIW6AEF0BD4i4F9DQunTNOuvU9ALxgLctEX91OIF8aGhHw-OwTH0yp2IuOpv3KPp7Xe7toKO5O-raMpUui0jAWhmJnhXnEFCZ0Fnn9emDxSAllcmjd8y5so4oq2TKDPsfYb89vw:1oO1W2:R4gM9P8Hhy_366iTbFP4IEjZ-iIi1aTc-za0_MsODD4", "expire_date": "2022-08-30T18:42:14.761Z"}}, {"model": "sessions.session", "pk": "jouzmzfvtedsax872bzvc6bjzrqaj8jw", "fields": {"session_data": ".eJxVjEEOwiAQRe_C2hAGKGlduvcMZJgZpGogKe3KeHdt0oVu_3vvv1TEbS1x67LEmdVZgTr9bgnpIXUHfMd6a5paXZc56V3RB-362liel8P9OyjYy7ceLaFxmZkDjEKAOA2UQwAhBGedl8kHC4ENmuTBO6I8WIeYhTNmUu8P_A44_w:1oHoY0:qZlEMN4lumw2Sdm07gOs46Og3aCWmWlhRjX3gM1eXlQ", "expire_date": "2022-08-13T15:38:36.548Z"}}, {"model": "sessions.session", "pk": "p9k1gqbjd3bwrd1b733wd489e6pbn511", "fields": {"session_data": ".eJxVjEEOwiAQRe_C2hAGKGlduvcMZJgZpGogKe3KeHdt0oVu_3vvv1TEbS1x67LEmdVZgTr9bgnpIXUHfMd6a5paXZc56V3RB-362liel8P9OyjYy7ceLaFxmZkDjEKAOA2UQwAhBGedl8kHC4ENmuTBO6I8WIeYhTNmUu8P_A44_w:1oM9rL:qn-E03JFbgVo7Wp3gggnGDhSNqGmB-m4WaCNmS8WKEg", "expire_date": "2022-08-25T15:12:31.876Z"}}, {"model": "sessions.session", "pk": "vo6yqqwbln6mg9ia3z7ujkviaysbhcl3", "fields": {"session_data": ".eJxVjUsKwjAURfeSsZT8GtrOdCPh9uWFBksqJgVF3LutdKDD-zv3JTzWOvm18N2nIAahxOnXG0FXznuAed7tBkTLmmvz7Rxxac6b4lwToaYlX47VH2pCmTZOpwnSxBCCUx2TAvqWonOKCcpoY7m3TisXJORolTVEsdUGiBwiIu3QwqVsN54ft3R_ikG-P-tcRLA:1oC2FI:3XqjqzTlD1HJxO_ZJogb17ckuZLnND8gDVNGAANo3Vk", "expire_date": "2022-07-28T17:03:24.921Z"}}, {"model": "sessions.session", "pk": "yo1uov65e7glqzysiivegatg97j7tqyq", "fields": {"session_data": "e30:1oQApk:GpdZdt-OzlcWFOZBydLjC5p0lWfMuyk1jhh1vfiDWTs", "expire_date": "2022-09-05T17:03:28.038Z"}}, {"model": "sites.site", "pk": 1, "fields": {"domain": "movienight.example.com", "name": "Movie Night"}}, {"model": "account.emailaddress", "pk": 1, "fields": {"user": 1, "email": "fbarreiramovienight@gmail.com", "verified": true, "primary": true}}, {"model": "account.emailaddress", "pk": 2, "fields": {"user": 2, "email": "wepihbnaygby@jhv.com", "verified": false, "primary": true}}, {"model": "account.emailaddress", "pk": 3, "fields": {"user": 3, "email": "fbarreiramovienight1992@gmail.com", "verified": false, "primary": false}}, {"model": "account.emailaddress", "pk": 4, "fields": {"user": 4, "email": "fbmovienight17@gmail.com", "verified": false, "primary": false}}, {"model": "products.category", "pk": 1, "fields": {"movie_category": "movie", "movie_friendly_category": "Movie"}}, {"model": "products.category", "pk": 2, "fields": {"movie_category": "tv_series", "movie_friendly_category": "TV Series"}}, {"model": "products.category", "pk": 3, "fields": {"movie_category": "documentary", "movie_friendly_category": "Documentary"}}, {"model": "products.sub_category", "pk": 1, "fields": {"movie_sub_category": "action", "movie_friendly_sub_category": "Action"}}, {"model": "products.sub_category", "pk": 2, "fields": {"movie_sub_category": "Comedy", "movie_friendly_sub_category": "Comedy"}}, {"model": "products.sub_category", "pk": 3, "fields": {"movie_sub_category": "animation", "movie_friendly_sub_category": "Animation"}}, {"model": "products.sub_category", "pk": 4, "fields": {"movie_sub_category": "drama", "movie_friendly_sub_category": "Drama"}}, {"model": "products.sub_category", "pk": 5, "fields": {"movie_sub_category": "horror", "movie_friendly_sub_category": "Horror"}}, {"model": "products.sub_category", "pk": 6, "fields": {"movie_sub_category": "musical", "movie_friendly_sub_category": "Musical"}}, {"model": "products.sub_category", "pk": 7, "fields": {"movie_sub_category": "romance", "movie_friendly_sub_category": "Romance"}}, {"model": "products.sub_category", "pk": 8, "fields": {"movie_sub_category": "sci-fi", "movie_friendly_sub_category": "Sci-Fi"}}, {"model": "products.sub_category", "pk": 9, "fields": {"movie_sub_category": "thriller", "movie_friendly_sub_category": "Thriller"}}, {"model": "products.sub_category", "pk": 10, "fields": {"movie_sub_category": "war", "movie_friendly_sub_category": "War"}}, {"model": "products.sub_category", "pk": 11, "fields": {"movie_sub_category": "western", "movie_friendly_sub_category": "Western"}}, {"model": "products.sub_category", "pk": 12, "fields": {"movie_sub_category": "sport", "movie_friendly_sub_category": "Sport"}}, {"model": "products.sub_category", "pk": 13, "fields": {"movie_sub_category": "documentary", "movie_friendly_sub_category": "Documentary"}}, {"model": "products.sub_category", "pk": 14, "fields": {"movie_sub_category": "adventure", "movie_friendly_sub_category": "Adventure"}}, {"model": "products.edition", "pk": 1, "fields": {"movie_edition": "dvd", "movie_friendly_edition": "DVD"}}, {"model": "products.edition", "pk": 2, "fields": {"movie_edition": "bluray", "movie_friendly_edition": "Blu-Ray"}}, {"model": "products.edition", "pk": 3, "fields": {"movie_edition": "4k", "movie_friendly_edition": "4K"}}, {"model": "products.movie", "pk": 1, "fields": {"movie_category": 1, "movie_sub_category": 5, "movie_edition1": 1, "movie_edition2": 2, "movie_edition3": 3, "sku": "m001", "title": "Psycho", "director": "Alfred Hitchcock", "synopsis": "A Phoenix secretary embezzles $40,000 from her employer's client, goes on the run, and checks into a remote motel run by a young man under the domination of his mother.", "created_on": "2022-08-14T13:08:32.105Z", "price": "8.99", "price_bluray": "12.99", "price_4k": "18.99", "rating": "4.25", "cover_url": "https://www.google.com/search?q=psycho+cover&tbm=isch&chips=q:psycho+cover,online_chips:alfred+hitchcock:W_Qv-lXoTd8%3D&rlz=1C1CHBD_pt-PTPT971PT971&hl=pt-PT&sa=X&ved=2ahUKEwjiw-yqo7_5AhVBhc4BHbhJCe8Q4lYoAXoECAEQJg&biw=1263&bih=612#imgrc=-dwBptJl0W36cM", "cover": "psycho_WMjh2bW.jpg"}}, {"model": "products.movie", "pk": 2, "fields": {"movie_category": 1, "movie_sub_category": 1, "movie_edition1": 1, "movie_edition2": 2, "movie_edition3": 3, "sku": "m002", "title": "Baby Driver", "director": "Edgar Wright", "synopsis": "After being coerced into working for a crime boss, a young getaway driver finds himself taking part in a heist doomed to fail.", "created_on": "2022-08-14T13:08:32.105Z", "price": "9.50", "price_bluray": "14.99", "price_4k": "19.00", "rating": "3.80", "cover_url": "https://www.google.com/search?q=baby+driver&tbm=isch&ved=2ahUKEwid_c-kp7_5AhWeQvEDHSMDA9wQ2-cCegQIABAA&oq=baby+driver&gs_lcp=CgNpbWcQAzIFCAAQgAQyBQgAEIAEMgUIABCABDIFCAAQgAQyBQgAEIAEMgUIABCABDIFCAAQgAQyBQgAEIAEMgUIABCABDIFCAAQgAQ6BwgAELEDEEM6BAgAEEM6BAgjECc6CwgAEIAEELEDEIMBOggIABCABBCxA1DWB1jaE2CIFGgAcAB4AIABdogBwgmSAQQwLjExmAEAoAEBqgELZ3dzLXdpei1pbWfAAQE&sclient=img&ei=lzv1Yt3VPJ6Fxc8Po4aM4A0&bih=555&biw=1280&rlz=1C1CHBD_pt-PTPT971PT971#imgrc=2PzVQIgwfD_4sM", "cover": "babydriver.png"}}, {"model": "products.movie", "pk": 3, "fields": {"movie_category": 1, "movie_sub_category": 2, "movie_edition1": 1, "movie_edition2": 2, "movie_edition3": 3, "sku": "m003", "title": "School of Rock", "director": "Richard Linklater", "synopsis": "After being kicked out of his rock band, Dewey Finn becomes a substitute teacher of an uptight elementary private school, only to try and turn his class into a rock band.", "created_on": "2022-08-14T13:08:32.105Z", "price": "4.99", "price_bluray": "10.99", "price_4k": "16.99", "rating": "3.60", "cover_url": "https://www.google.com/search?q=school+of+rock&tbm=isch&ved=2ahUKEwjV37mmp7_5AhUU7xoKHdqGC80Q2-cCegQIABAA&oq=school+of+&gs_lcp=CgNpbWcQARgAMgUIABCABDIFCAAQgAQyBQgAEIAEMgUIABCABDIFCAAQgAQyBQgAEIAEMgUIABCABDIFCAAQgAQyBQgAEIAEMgUIABCABDoECCMQJzoECAAQQzoKCAAQsQMQgwEQQzoICAAQsQMQgwE6CAgAEIAEELEDOgQIABADOgcIABCxAxBDOgsIABCABBCxAxCDAToECAAQHjoGCAAQHhAFOgYIABAeEAg6BAgAEBhQ0whYyzhg_z5oA3AAeACAAb8BiAGRDJIBBDEuMTOYAQCgAQGqAQtnd3Mtd2l6LWltZ8ABAQ&sclient=img&ei=mzv1YpWmMpTea9qNrugM&bih=555&biw=1280&rlz=1C1CHBD_pt-PTPT971PT971#imgrc=e_euG5qPeXc3FM", "cover": "school_of_rock.jpg"}}, {"model": "products.movie", "pk": 4, "fields": {"movie_category": 1, "movie_sub_category": 3, "movie_edition1": 1, "movie_edition2": 2, "movie_edition3": 3, "sku": "m004", "title": "Coco", "director": "Lee Unkrich & Adrian Molina", "synopsis": "Aspiring musician Miguel, confronted with his family's ancestral ban on music, enters the Land of the Dead to find his great-great-grandfather, a legendary singer.", "created_on": "2022-08-14T13:08:32.105Z", "price": "8.52", "price_bluray": "11.02", "price_4k": "17.99", "rating": "4.20", "cover_url": "https://www.google.com/search?q=coco+2017&tbm=isch&ved=2ahUKEwi7hOCXqb_5AhVB3hoKHXzLCyIQ2-cCegQIABAA&oq=coco+2017&gs_lcp=CgNpbWcQAzoECAAQQzoFCAAQgAQ6CAgAEIAEELEDUO0EWNASYOoWaABwAHgAgAFwiAHlBJIBAzEuNZgBAKABAaoBC2d3cy13aXotaW1nwAEB&sclient=img&ei=lT31YvvlNMG8a_yWr5AC&bih=555&biw=1280&rlz=1C1CHBD_pt-PTPT971PT971#imgrc=AX4YLGKCB8t9GM", "cover": "coco.jpg"}}, {"model": "products.movie", "pk": 5, "fields": {"movie_category": 1, "movie_sub_category": 4, "movie_edition1": 1, "movie_edition2": 2, "movie_edition3": 3, "sku": "m005", "title": "Manchester by the Sea", "director": "Kenneth Lonergan", "synopsis": "A depressed uncle is asked to take care of his teenage nephew after the boy's father dies.", "created_on": "2022-08-14T13:08:32.105Z", "price": "7.49", "price_bluray": "9.49", "price_4k": "19.30", "rating": "3.90", "cover_url": "https://www.google.com/search?q=manchester+by+the+sea&tbm=isch&ved=2ahUKEwiUqf6gqb_5AhV8VPEDHR1xDAkQ2-cCegQIABAA&oq=manchester+by+the+&gs_lcp=CgNpbWcQARgAMgUIABCABDIFCAAQgAQyBQgAEIAEMgUIABCABDIECAAQHjIECAAQHjIECAAQGDIECAAQGDIECAAQGDIECAAQGDoECCMQJzoECAAQQzoLCAAQgAQQsQMQgwE6CAgAEIAEELEDOgcIABCxAxBDOgYIABAeEAhQxgZY6ypgmDBoAHAAeACAAawBiAGNEZIBBDAuMTmYAQCgAQGqAQtnd3Mtd2l6LWltZ8ABAQ&sclient=img&ei=qT31YtSwDvyoxc8PneKxSA&bih=555&biw=1280&rlz=1C1CHBD_pt-PTPT971PT971#imgrc=F1yPl3PzN5rdoM", "cover": "manchesterbythesea.jpg"}}, {"model": "products.movie", "pk": 6, "fields": {"movie_category": 1, "movie_sub_category": 6, "movie_edition1": 1, "movie_edition2": 2, "movie_edition3": 3, "sku": "m006", "title": "La La Land", "director": "Damien Chazelle", "synopsis": "While navigating their careers in Los Angeles, a pianist and an actress fall in love while attempting to reconcile their aspirations for the future.", "created_on": "2022-08-14T13:08:32.105Z", "price": "5.95", "price_bluray": "8.39", "price_4k": "16.49", "rating": "4.00", "cover_url": "https://www.google.com/search?q=la+la+land+imdb&tbm=isch&ved=2ahUKEwj2uOuJqr_5AhVZ0YUKHSjNBDgQ2-cCegQIABAA&oq=la+la+land+imdb&gs_lcp=CgNpbWcQAzIECAAQEzIICAAQHhAIEBM6BAgjECc6BQgAEIAEOgQIABBDOgYIABAeEAc6CAgAEIAEELEDOggIABCxAxCDAToLCAAQgAQQsQMQgwE6BggAEB4QE1CFC1iQKmCtK2gBcAB4AIABeogB7Q6SAQQwLjE3mAEAoAEBqgELZ3dzLXdpei1pbWfAAQE&sclient=img&ei=hT71YrbiB9milwSompPAAw&bih=555&biw=1280&rlz=1C1CHBD_pt-PTPT971PT971#imgrc=gogYShf9qcwl8M", "cover": "lalaland.jpg"}}, {"model": "products.movie", "pk": 7, "fields": {"movie_category": 1, "movie_sub_category": 1, "movie_edition1": 1, "movie_edition2": 2, "movie_edition3": 3, "sku": "m007", "title": "No Time To Die", "director": "Cary Joji Fukunaga", "synopsis": "James Bond has left active service. His peace is short-lived when Felix Leiter, an old friend from the CIA, turns up asking for help, leading Bond onto the trail of a mysterious villain armed with dangerous new technology.", "created_on": "2022-08-14T13:08:32.105Z", "price": "7.07", "price_bluray": "9.99", "price_4k": "19.99", "rating": "3.65", "cover_url": "https://www.google.com/search?q=no+time+to+die+imdb&tbm=isch&ved=2ahUKEwjqp4fZqr_5AhUHGRoKHQs4C0UQ2-cCegQIABAA&oq=no+time+to+die+imdb&gs_lcp=CgNpbWcQAzIECAAQEzoECCMQJzoICAAQHhAIEBM6BggAEB4QBzoECAAQQzoFCAAQgAQ6CAgAEB4QBxAFOggIABAeEAgQBzoECAAQGFDTB1jZIGDwJWgAcAB4AIABdYgB-g-SAQQxLjE4mAEAoAEBqgELZ3dzLXdpei1pbWfAAQE&sclient=img&ei=Kz_1YqrmD4eyaIvwrKgE&bih=555&biw=1280&rlz=1C1CHBD_pt-PTPT971PT971#imgrc=k9xlIX6KBvOPhM", "cover": "notimetodie.jpg"}}, {"model": "products.movie", "pk": 8, "fields": {"movie_category": 1, "movie_sub_category": 7, "movie_edition1": 1, "movie_edition2": 2, "movie_edition3": 3, "sku": "m008", "title": "Carol", "director": "Todd Haynes", "synopsis": "An aspiring photographer develops an intimate relationship with an older woman in 1950s New York.", "created_on": "2022-08-14T13:08:32.105Z", "price": "5.95", "price_bluray": "8.75", "price_4k": "12.99", "rating": "3.60", "cover_url": "https://www.google.com/search?q=carol+imdb&tbm=isch&ved=2ahUKEwjZv6ivq7_5AhUR7xoKHQFOBMYQ2-cCegQIABAA&oq=carol+imdb&gs_lcp=CgNpbWcQAzIECAAQEzIICAAQHhAHEBMyCAgAEB4QBxATMggIABAeEAcQEzIICAAQHhAHEBMyCAgAEB4QBxATMggIABAeEAcQEzIICAAQHhAHEBMyCggAEB4QBxAFEBMyCAgAEB4QBRATOgQIIxAnOgYIABAeEAc6BQgAEIAEOgQIABBDOggIABAeEAcQBVCbGljjLGDVLmgBcAB4AIABfIgB3xCSAQUxMC4xMZgBAKABAaoBC2d3cy13aXotaW1nwAEB&sclient=img&ei=4D_1YtnPCZHea4GckbAM&bih=555&biw=1280&rlz=1C1CHBD_pt-PTPT971PT971#imgrc=XDc_MO4NCmKGaM", "cover": "carol.jpg"}}, {"model": "products.movie", "pk": 9, "fields": {"movie_category": 1, "movie_sub_category": 8, "movie_edition1": 1, "movie_edition2": 2, "movie_edition3": 3, "sku": "m009", "title": "Arrival", "director": "Dennis Villeneuve", "synopsis": "A linguist works with the military to communicate with alien lifeforms after twelve mysterious spacecraft appear around the world.", "created_on": "2022-08-14T13:08:32.105Z", "price": "7.49", "price_bluray": "9.49", "price_4k": "15.49", "rating": "3.95", "cover_url": "https://www.google.com/search?q=arrival+imdb&tbm=isch&ved=2ahUKEwj4qqH7q7_5AhUBlRoKHagPDIMQ2-cCegQIABAA&oq=arri&gs_lcp=CgNpbWcQARgAMgQIABBDMgQIABBDMgUIABCABDIICAAQgAQQsQMyBQgAEIAEMgUIABCABDIFCAAQgAQyBAgAEEMyBAgAEEMyBQgAEIAEOgQIIxAnOggIABAeEAcQEzoICAAQHhAIEBM6CwgAEIAEELEDEIMBOggIABCxAxCDAToKCAAQsQMQgwEQQzoHCAAQsQMQQ1DfCljADmDAF2gAcAB4AIABdIgBrwSSAQMwLjWYAQCgAQGqAQtnd3Mtd2l6LWltZ8ABAQ&sclient=img&ei=f0D1YrjvGYGqaqifsJgI&bih=555&biw=1280&rlz=1C1CHBD_pt-PTPT971PT971#imgrc=XtyMHoXTlNnCyM", "cover": "arrival.jpg"}}, {"model": "products.movie", "pk": 10, "fields": {"movie_category": 1, "movie_sub_category": 9, "movie_edition1": 1, "movie_edition2": 2, "movie_edition3": 3, "sku": "m010", "title": "The Fugitive", "director": "Andrew Davis", "synopsis": "Dr. Richard Kimble, unjustly accused of murdering his wife, must find the real killer while being the target of a nationwide manhunt led by a seasoned U.S. Marshal.", "created_on": "2022-08-14T13:08:32.105Z", "price": "4.99", "price_bluray": "9.99", "price_4k": "14.99", "rating": "3.90", "cover_url": "https://www.google.com/search?q=the+fugitive+imdb&tbm=isch&ved=2ahUKEwjSvNm0rL_5AhV_g84BHSyxDwkQ2-cCegQIABAA&oq=the+fugitive+imdb&gs_lcp=CgNpbWcQAzIGCAAQHhAHOgQIIxAnOgQIABAeOgYIABAeEAg6CAgAEB4QBxAFUPMHWNcVYLoWaABwAHgAgAGDAYgBmAqSAQQyLjEwmAEAoAEBqgELZ3dzLXdpei1pbWfAAQE&sclient=img&ei=90D1YpLlNf-Gur4PrOK-SA&bih=555&biw=1280&rlz=1C1CHBD_pt-PTPT971PT971#imgrc=AGtzs1xZn_SxdM", "cover": "thefugitive.jpg"}}, {"model": "products.movie", "pk": 11, "fields": {"movie_category": 1, "movie_sub_category": 10, "movie_edition1": 1, "movie_edition2": 2, "movie_edition3": 3, "sku": "m011", "title": "The Bridge on the River Kwai", "director": "David Lean", "synopsis": "British POWs are forced to build a railway bridge across the river Kwai for their Japanese captors in occupied Burma, not knowing that the allied forces are planning a daring commando raid through the jungle to destroy it.", "created_on": "2022-08-14T13:08:32.105Z", "price": "4.75", "price_bluray": "9.49", "price_4k": "18.99", "rating": "4.10", "cover_url": "https://www.google.com/search?q=bridge+on+the+river+kwai+imdb&tbm=isch&ved=2ahUKEwi6qY7_rL_5AhXpgc4BHf6BDcgQ2-cCegQIABAA&oq=bridge+on+the+river+kwai+imdb&gs_lcp=CgNpbWcQAzoECCMQJzoGCAAQHhAHOggIABAeEAcQBToGCAAQHhAFUIYHWMZLYPVOaAJwAHgAgAFxiAHpFZIBBDcuMjCYAQCgAQGqAQtnd3Mtd2l6LWltZ8ABAQ&sclient=img&ei=k0H1YvqTOemDur4P_oO2wAw&bih=555&biw=1280&rlz=1C1CHBD_pt-PTPT971PT971#imgrc=6wU3tUqEGkCNdM", "cover": "bridgeontheriverkwai_DQmtOkU.jpg"}}, {"model": "products.movie", "pk": 12, "fields": {"movie_category": 1, "movie_sub_category": 11, "movie_edition1": 1, "movie_edition2": 2, "movie_edition3": 3, "sku": "m012", "title": "The Good the Bad and the Ugly", "director": "Sergio Leone", "synopsis": "A bounty hunting scam joins two men in an uneasy alliance against a third in a race to find a fortune in gold buried in a remote cemetery.", "created_on": "2022-08-14T13:08:32.105Z", "price": "5.55", "price_bluray": "9.99", "price_4k": "19.49", "rating": "4.40", "cover_url": "https://www.google.com/search?q=the+good+the+bad+and+the+ugly+imdb&tbm=isch&ved=2ahUKEwiMx8-_rb_5AhW0XvEDHZsqBQYQ2-cCegQIABAA&oq=the+goo+imdb&gs_lcp=CgNpbWcQARgDMgYIABAeEAcyBggAEB4QBzIGCAAQHhAHMgYIABAeEAcyBggAEB4QBzIGCAAQHhAHMgYIABAeEAcyCAgAEB4QCBAHMggIABAeEAgQBzoECCMQJ1D2CFiGHGDUK2gAcAB4AIABa4gBrgaSAQMzLjWYAQCgAQGqAQtnd3Mtd2l6LWltZ8ABAQ&sclient=img&ei=G0L1YszNDbS9xc8Pm9WUMA&bih=555&biw=1280&rlz=1C1CHBD_pt-PTPT971PT971#imgrc=bks6gArd91qoTM", "cover": "goodbadugly.jpg"}}, {"model": "products.movie", "pk": 13, "fields": {"movie_category": 1, "movie_sub_category": 12, "movie_edition1": 1, "movie_edition2": 2, "movie_edition3": 3, "sku": "m013", "title": "Rush", "director": "Ron Howard", "synopsis": "The merciless 1970s rivalry between Formula One rivals James Hunt and Niki Lauda.", "created_on": "2022-08-14T13:08:32.105Z", "price": "6.27", "price_bluray": "9.17", "price_4k": "16.11", "rating": "4.05", "cover_url": "https://www.google.com/search?q=rush+imdb&tbm=isch&ved=2ahUKEwizuICFrr_5AhUJWxoKHdRFBasQ2-cCegQIABAA&oq=rush+imdb&gs_lcp=CgNpbWcQAzIECAAQEzIICAAQHhAHEBMyCAgAEB4QBxATMggIABAeEAcQEzIICAAQHhAHEBMyCAgAEB4QBRATMggIABAeEAUQEzIICAAQHhAFEBMyCAgAEB4QBRATMggIABAeEAUQEzoECCMQJzoGCAAQHhAHULDJBFjpzARg_9AEaABwAHgAgAGEAYgBqAaSAQMwLjeYAQCgAQGqAQtnd3Mtd2l6LWltZ8ABAQ&sclient=img&ei=rEL1YrOyLIm2adSLldgK&bih=555&biw=1280&rlz=1C1CHBD_pt-PTPT971PT971#imgrc=WU8CQ8iZ5a93OM", "cover": "rush.jpg"}}, {"model": "products.movie", "pk": 14, "fields": {"movie_category": 1, "movie_sub_category": 13, "movie_edition1": 1, "movie_edition2": 2, "movie_edition3": 3, "sku": "m014", "title": "The Lord of the Rings: The Return of the King", "director": "Peter Jackson", "synopsis": "Gandalf and Aragorn lead the World of Men against Sauron's army to draw his gaze from Frodo and Sam as they approach Mount Doom with the One Ring.", "created_on": "2022-08-14T13:08:32.105Z", "price": "5.99", "price_bluray": "9.72", "price_4k": "15.45", "rating": "4.50", "cover_url": "https://www.google.com/search?q=return+of+the+king+imdb&tbm=isch&ved=2ahUKEwj9iqu_rr_5AhUGCBoKHZhpDE4Q2-cCegQIABAA&oq=retuimdb&gs_lcp=CgNpbWcQARgCMgYIABAeEAcyBggAEB4QBzIGCAAQHhAHMgYIABAeEAcyBggAEB4QBzIGCAAQHhAHMgYIABAeEAcyCAgAEB4QCBAHOgQIABATOggIABAeEAcQEzoICAAQHhAIEBM6CAgAEB4QBxAFULsHWNYKYPEaaABwAHgAgAFbiAG3A5IBATWYAQCgAQGqAQtnd3Mtd2l6LWltZ8ABAQ&sclient=img&ei=J0P1Yr3bA4aQaJjTsfAE&bih=555&biw=1280&rlz=1C1CHBD_pt-PTPT971PT971#imgrc=10vLxbpqzJRrcM", "cover": "rotk.jpg"}}, {"model": "products.movie", "pk": 15, "fields": {"movie_category": 3, "movie_sub_category": 13, "movie_edition1": 1, "movie_edition2": 2, "movie_edition3": 3, "sku": "d001", "title": "Dear Zachary: A Letter to a Son About His Father", "director": "Kurt Kuenne", "synopsis": "A filmmaker decides to memorialize a murdered friend when his friend's ex-girlfriend announces she is expecting his son.", "created_on": "2022-08-14T13:08:32.105Z", "price": "4.65", "price_bluray": "8.32", "price_4k": "11.50", "rating": "4.25", "cover_url": "https://www.google.com/search?q=dear+zachary++imdb&tbm=isch&ved=2ahUKEwjrmdGZr7_5AhUJhM4BHf9xArAQ2-cCegQIABAA&oq=dear+zachary++imdb&gs_lcp=CgNpbWcQAzIECAAQGDoECAAQEzoICAAQHhAHEBM6BggAEB4QB1COB1jYK2CBNmgCcAB4AIABdIgBmw2SAQQyLjE0mAEAoAEBqgELZ3dzLXdpei1pbWfAAQE&sclient=img&ei=5EP1YuuXGomIur4P_-OJgAs&bih=555&biw=1280&rlz=1C1CHBD_pt-PTPT971PT971#imgrc=L8cwL4RMknwI2M", "cover": "dearzachary.jpg"}}, {"model": "products.movie", "pk": 16, "fields": {"movie_category": 2, "movie_sub_category": 14, "movie_edition1": 1, "movie_edition2": 2, "movie_edition3": 3, "sku": "s001", "title": "Game of Thrones - Complete Series", "director": "David Benioff & D.B. Weiss", "synopsis": "Nine noble families fight for control over the lands of Westeros, while an ancient enemy returns after being dormant for millennia.", "created_on": "2022-08-14T13:08:32.105Z", "price": "29.99", "price_bluray": "45.80", "price_4k": "70.00", "rating": "4.60", "cover_url": "https://www.google.com/search?q=game+of+thrones+imdb&tbm=isch&ved=2ahUKEwiH58Kesb_5AhXVYPEDHfd-B8IQ2-cCegQIABAA&oq=game+of+thrones+imdb&gs_lcp=CgNpbWcQAzIECCMQJzIFCAAQgAQyBAgAEB4yBAgAEB4yBAgAEB4yBggAEB4QBTIGCAAQHhAFMgYIABAeEAUyBggAEB4QBTIGCAAQHhAFOgQIABATUKEIWKEIYJsJaABwAHgAgAFyiAHgAZIBAzAuMpgBAKABAaoBC2d3cy13aXotaW1nwAEB&sclient=img&ei=B0b1YsfHIdXBxc8P9_2dkAw&bih=555&biw=1280&rlz=1C1CHBD_pt-PTPT971PT971#imgrc=4DoORoUpm-bxsM", "cover": "got.jpg"}}, {"model": "products.movie", "pk": 17, "fields": {"movie_category": 3, "movie_sub_category": 13, "movie_edition1": 1, "movie_edition2": 2, "movie_edition3": 3, "sku": "d002", "title": "Free Solo", "director": "Jimmy Chin & Elizabeth Chai Vasarhelyi", "synopsis": "Alex Honnold attempts to become the first person to ever free solo climb El Capitan.", "created_on": "2022-08-14T13:08:32.105Z", "price": "6.76", "price_bluray": "9.99", "price_4k": "17.88", "rating": "4.05", "cover_url": "https://www.google.com/search?q=free+solo+imdb&tbm=isch&ved=2ahUKEwjlosvQwsH5AhVSzIUKHcUvAbkQ2-cCegQIABAA&oq=free+solo+imdb&gs_lcp=CgNpbWcQAzIECAAQEzoECCMQJzoGCAAQHhAHOgQIABAeUKQIWLsZYKwbaABwAHgAgAF8iAHyB5IBAzUuNZgBAKABAaoBC2d3cy13aXotaW1nwAEB&sclient=img&ei=s2T2YqX9GdKYlwTF34TICw&bih=555&biw=1280&rlz=1C1CHBD_pt-PTPT971PT971#imgrc=uzgcUX3USZWSKM", "cover": "freesolo.jpg"}}, {"model": "products.movie", "pk": 18, "fields": {"movie_category": 3, "movie_sub_category": 13, "movie_edition1": 1, "movie_edition2": 2, "movie_edition3": 3, "sku": "d003", "title": "My Octopus teacher", "director": "Pippa Ehrlich & James Reed", "synopsis": "A filmmaker forges an unusual friendship with an octopus living in a South African kelp forest, learning as the animal shares the mysteries of her world.", "created_on": "2022-08-14T13:08:32.105Z", "price": "7.75", "price_bluray": "11.88", "price_4k": "16.99", "rating": "4.05", "cover_url": "https://www.google.com/search?q=my+octopus+teacher+imdb&tbm=isch&ved=2ahUKEwicyuqJ08H5AhUEdRoKHdHWC84Q2-cCegQIABAA&oq=my+octopus+teacher+imdb&gs_lcp=CgNpbWcQAzIGCAAQHhAHOgQIABATOggIABAeEAcQEzoICAAQHhAIEAdQxwZYzTJgpTNoAHAAeACAAXyIAe8PkgEEMC4xOJgBAKABAaoBC2d3cy13aXotaW1nwAEB&sclient=img&ei=8nX2YpyJG4TqadGtr_AM&bih=555&biw=1280&rlz=1C1CHBD_pt-PTPT971PT971#imgrc=pvSqtEGqGtpWMM", "cover": "octopusteacher.jpg"}}, {"model": "products.movie", "pk": 19, "fields": {"movie_category": 3, "movie_sub_category": 13, "movie_edition1": 1, "movie_edition2": 2, "movie_edition3": 3, "sku": "d004", "title": "Inside Job", "director": "Charles Ferguson", "synopsis": "Takes a closer look at what brought about the 2008 financial meltdown.", "created_on": "2022-08-14T13:08:32.105Z", "price": "5.50", "price_bluray": "7.89", "price_4k": "14.75", "rating": "4.10", "cover_url": "https://www.google.com/search?q=inside+job+imdb&tbm=isch&ved=2ahUKEwja7Pjq1MH5AhVRw4UKHU7JCxUQ2-cCegQIABAA&oq=inside+job+imdb&gs_lcp=CgNpbWcQAzIGCAAQHhAHOgQIIxAnOgQIABATOggIABAeEAcQE1DMCFjiHGCqHWgAcAB4AIABmwGIAaMJkgEEMC4xMJgBAKABAaoBC2d3cy13aXotaW1nwAEB&sclient=img&ei=ynf2YtrfINGGlwTOkq-oAQ&bih=555&biw=1280&rlz=1C1CHBD_pt-PTPT971PT971#imgrc=y1G3sDNAw0-N7M", "cover": "insidejob.jpg"}}, {"model": "products.movie", "pk": 20, "fields": {"movie_category": 3, "movie_sub_category": 13, "movie_edition1": 1, "movie_edition2": 2, "movie_edition3": 3, "sku": "d005", "title": "Senna", "director": "Asif Kapadia", "synopsis": "A documentary on Brazilian Formula One racing driver Ayrton Senna, who won the F1 world championship three times before his death at age 34.", "created_on": "2022-08-14T13:08:32.105Z", "price": "5.49", "price_bluray": "9.65", "price_4k": "13.41", "rating": "4.25", "cover_url": "https://www.google.com/search?q=senna+imdb&tbm=isch&ved=2ahUKEwiA_py41cH5AhWOQfEDHbOJCpQQ2-cCegQIABAA&oq=senna+imdb&gs_lcp=CgNpbWcQAzIECAAQEzoECCMQJzoGCAAQHhAHUMEHWKULYNQMaABwAHgAgAF0iAGTBZIBAzAuNpgBAKABAaoBC2d3cy13aXotaW1nwAEB&sclient=img&ei=bHj2YoCYJY6Dxc8Ps5OqoAk&bih=555&biw=1280&rlz=1C1CHBD_pt-PTPT971PT971#imgrc=wxMReMYGHnsLFM", "cover": "senna.jpg"}}, {"model": "products.movie", "pk": 21, "fields": {"movie_category": 3, "movie_sub_category": 13, "movie_edition1": 1, "movie_edition2": 2, "movie_edition3": 3, "sku": "d006", "title": "Abducted in Plain Sight", "director": "Skye Borgman", "synopsis": "The twisting, turning, stranger-than-fiction true story of the Brobergs, a naive, church-going Idaho family that fell under the spell of a sociopathic neighbor with designs on their twelve-year-old daughter.", "created_on": "2022-08-14T13:08:32.105Z", "price": "4.99", "price_bluray": "9.99", "price_4k": "14.99", "rating": "3.40", "cover_url": "https://www.google.com/search?q=abducted+in+%5Cplain+sight++imdb&tbm=isch&ved=2ahUKEwiUrbTp1cH5AhULQPEDHaLgDX8Q2-cCegQIABAA&oq=abducted+in+%5Cplain+sight++imdb&gs_lcp=CgNpbWcQAzIECAAQGDoECCMQJzoECAAQQzoFCAAQgAQ6BggAEB4QBzoICAAQHhAHEAVQ5gtYyF1gy11oAHAAeAGAAcgBiAHCF5IBBjEuMjUuMZgBAKABAaoBC2d3cy13aXotaW1nwAEB&sclient=img&ei=03j2YtT3LYuAxc8PosG3-Ac&bih=555&biw=1280&rlz=1C1CHBD_pt-PTPT971PT971#imgrc=vXz_2jzQK35UCM", "cover": "abducted.jpg"}}, {"model": "products.movie", "pk": 22, "fields": {"movie_category": 3, "movie_sub_category": 13, "movie_edition1": 1, "movie_edition2": 2, "movie_edition3": 3, "sku": "d007", "title": "Blackfish", "director": "Gabriela Cowperthwaite", "synopsis": "A documentary following the controversial captivity of killer whales, and its dangers for both humans and whales.", "created_on": "2022-08-14T13:08:32.105Z", "price": "6.90", "price_bluray": "9.60", "price_4k": "18.74", "rating": "4.05", "cover_url": "https://www.google.com/search?q=blackfish+imdb&&tbm=isch&ved=2ahUKEwih6eW61sH5AhUNqRoKHcM-AJkQ2-cCegQIABAA&oq=blackfish+imdb&gs_lcp=CgNpbWcQAzoECAAQGDoGCAAQHhAHUIgJWMkbYMcdaABwAHgAgAGGAYgB6wiSAQQwLjEwmAEAoAEBqgELZ3dzLXdpei1pbWfAAQE&sclient=img&ei=fnn2YqGyGo3SasP9gMgJ&bih=555&biw=1280&rlz=1C1CHBD_pt-PTPT971PT971#imgrc=fIt4_45pIIarmM", "cover": "blackfish.jpg"}}, {"model": "products.movie", "pk": 23, "fields": {"movie_category": 3, "movie_sub_category": 13, "movie_edition1": 1, "movie_edition2": 2, "movie_edition3": 3, "sku": "d008", "title": "The Act of Killing", "director": "Joshua Oppenheimer & Christine Cynn", "synopsis": "A documentary which challenges former Indonesian death-squad leaders to reenact their mass-killings in whichever cinematic genres they wish, including classic Hollywood crime scenarios and lavish musical numbers.", "created_on": "2022-08-14T13:08:32.105Z", "price": "7.75", "price_bluray": "9.99", "price_4k": "15.50", "rating": "4.10", "cover_url": "https://www.google.com/search?q=the+act+of+killing+imdb&tbm=isch&ved=2ahUKEwjRk4jt1sH5AhVGhM4BHWPcC54Q2-cCegQIABAA&oq=the+act+of+killing+imdb&gs_lcp=CgNpbWcQAzIECAAQGDoGCAAQHhAHUIkHWLk6YO48aABwAHgAgAGQAYgBjhWSAQQwLjI0mAEAoAEBqgELZ3dzLXdpei1pbWfAAQE&sclient=img&ei=53n2YpGENMaIur4P47iv8Ak&bih=555&biw=1280&rlz=1C1CHBD_pt-PTPT971PT971#imgrc=i87a9uoOwJZ6oM", "cover": "actofkilling.jpg"}}, {"model": "products.movie", "pk": 24, "fields": {"movie_category": 3, "movie_sub_category": 13, "movie_edition1": 1, "movie_edition2": 2, "movie_edition3": 3, "sku": "d009", "title": "Amy", "director": "Asif Kapadia", "synopsis": "Archival footage and personal testimonials present an intimate portrait of the life and career of British singer/songwriter Amy Winehouse.", "created_on": "2022-08-14T13:08:32.105Z", "price": "4.90", "price_bluray": "9.40", "price_4k": "13.80", "rating": "3.90", "cover_url": "https://www.google.com/search?q=amy+imdb&tbm=isch&ved=2ahUKEwiT86Si18H5AhWX44UKHVHzACkQ2-cCegQIABAA&oq=amy+imdb&gs_lcp=CgNpbWcQAzIGCAAQHhAHMgYIABAeEAcyBggAEB4QBzIGCAAQHhAHMgYIABAeEAcyBggAEB4QBzIGCAAQHhAHMgYIABAeEAcyBggAEB4QBzIGCAAQHhAHOgQIIxAnUI8GWMMIYIwJaABwAHgAgAFuiAG8ApIBAzAuM5gBAKABAaoBC2d3cy13aXotaW1nwAEB&sclient=img&ei=V3r2YtPrHJfHlwTR5oPIAg&bih=555&biw=1280&rlz=1C1CHBD_pt-PTPT971PT971#imgrc=GBMYypSCkVoEAM", "cover": "amy.jpg"}}, {"model": "products.movie", "pk": 25, "fields": {"movie_category": 3, "movie_sub_category": 13, "movie_edition1": 1, "movie_edition2": 2, "movie_edition3": 3, "sku": "d010", "title": "Man on Wire", "director": "James Marsh", "synopsis": "A look at tightrope walker Philippe Petit's daring, but illegal, high-wire routine performed between New York City's World Trade Center's twin towers in 1974, what some consider, \"the artistic crime of the century\".", "created_on": "2022-08-14T13:08:32.105Z", "price": "3.99", "price_bluray": "7.60", "price_4k": "12.00", "rating": "3.85", "cover_url": "https://www.google.com/search?q=man+on+wire+imdb&tbm=isch&ved=2ahUKEwir1-fc18H5AhURLRoKHT_rBjwQ2-cCegQIABAA&oq=man+on+wire+imdb&gs_lcp=CgNpbWcQAzIECAAQGDoECCMQJzoGCAAQHhAIOgYIABAeEAc6CAgAEB4QBxAFOggIABAeEAgQB1DfBljsEmCpGGgAcAB4AIABcogB_wmSAQQwLjEymAEAoAEBqgELZ3dzLXdpei1pbWfAAQE&sclient=img&ei=0nr2YqumDJHaaL_Wm-AD&bih=555&biw=1280&rlz=1C1CHBD_pt-PTPT971PT971#imgrc=D2MF4idgXA1w7M", "cover": "manonwire.jpg"}}, {"model": "products.movie", "pk": 26, "fields": {"movie_category": 3, "movie_sub_category": 13, "movie_edition1": 1, "movie_edition2": 2, "movie_edition3": 3, "sku": "d011", "title": "Voyage of Time: Life's Journey", "director": "Terrence Malick", "synopsis": "An exploration into our planetary past and a search for humanity's place in the future. With narration by Cate Blanchett.", "created_on": "2022-08-14T13:08:32.105Z", "price": "5.99", "price_bluray": "7.99", "price_4k": "14.99", "rating": "3.20", "cover_url": "https://www.google.com/search?q=voyage+of+time+imdb&tbm=isch&ved=2ahUKEwjl3vSX2MH5AhWS0oUKHUh8Bw4Q2-cCegQIABAA&oq=voyage+of+time+imdb&gs_lcp=CgNpbWcQAzIECAAQGDoECCMQJzoGCAAQHhAHOgYIABAeEAg6CAgAEB4QCBAHUMEIWLwlYNAtaAJwAHgAgAF2iAGdDpIBBDEuMTaYAQCgAQGqAQtnd3Mtd2l6LWltZ8ABAQ&sclient=img&ei=Tnv2YuX_CJKllwTI-J1w&bih=555&biw=1280&rlz=1C1CHBD_pt-PTPT971PT971#imgrc=CzlNQ4CIhA1D_M", "cover": "voyageoftime.jpg"}}, {"model": "products.movie", "pk": 27, "fields": {"movie_category": 3, "movie_sub_category": 13, "movie_edition1": 1, "movie_edition2": 2, "movie_edition3": 3, "sku": "d012", "title": "Minding The Gap", "director": "Bing Liu", "synopsis": "Three young men bond together to escape volatile families in their Rust-Belt hometown. As they face adult responsibilities, unexpected revelations threaten their decade-long friendship.", "created_on": "2022-08-14T13:08:32.105Z", "price": "4.77", "price_bluray": "8.99", "price_4k": "18.40", "rating": "4.00", "cover_url": "https://www.google.com/search?q=minding+the+gap+imdb&tbm=isch&ved=2ahUKEwjil8Wc28H5AhWYXvEDHedlC8EQ2-cCegQIABAA&oq=minding+the+gap+imdb&gs_lcp=CgNpbWcQAzoECCMQJzoGCAAQHhAHUIkIWNExYLwyaAFwAHgAgAGBAYgBkA-SAQQxLjE3mAEAoAEBqgELZ3dzLXdpei1pbWfAAQE&sclient=img&ei=fX72YqLlCZi9xc8P58utiAw&bih=555&biw=1280&rlz=1C1CHBD_pt-PTPT971PT971#imgrc=6QmCQPamfh7i8M", "cover": "mindingthegap.jpg"}}, {"model": "products.movie", "pk": 28, "fields": {"movie_category": 2, "movie_sub_category": 8, "movie_edition1": 1, "movie_edition2": 2, "movie_edition3": 3, "sku": "s002", "title": "Love, Death & Robots - Season 1", "director": "Tim Miller", "synopsis": "A collection of animated short stories that span various genres including science fiction, fantasy, horror and comedy.", "created_on": "2022-08-14T13:08:32.105Z", "price": "9.99", "price_bluray": "14.99", "price_4k": "19.99", "rating": "4.20", "cover_url": "https://www.google.com/search?q=love+death+robots+imdb&tbm=isch&ved=2ahUKEwjCw4Pi28H5AhUoQfEDHSodA3UQ2-cCegQIABAA&oq=love+death+robots+imdb&gs_lcp=CgNpbWcQAzIFCAAQgAQyBggAEB4QBzIGCAAQHhAIMgQIABAYOgQIIxAnOggIABAeEAgQB1DHBliWH2CFIWgAcAB4AYAB0gGIAbIRkgEGMi4xNy4xmAEAoAEBqgELZ3dzLXdpei1pbWfAAQE&sclient=img&ei=Dn_2YsKENqiCxc8PqrqMqAc&bih=555&biw=1280&rlz=1C1CHBD_pt-PTPT971PT971#imgrc=TSMwUnP2g_iMfM", "cover": "ldr.jpg"}}, {"model": "products.movie", "pk": 29, "fields": {"movie_category": 2, "movie_sub_category": 1, "movie_edition1": 1, "movie_edition2": 2, "movie_edition3": 3, "sku": "s003", "title": "Squid Game", "director": "Hwang Dong-hyuk", "synopsis": "Hundreds of cash-strapped players accept a strange invitation to compete in children's games. Inside, a tempting prize awaits with deadly high stakes. A survival game that has a whopping 45.6 billion-won prize at stake.", "created_on": "2022-08-14T13:08:32.105Z", "price": "7.99", "price_bluray": "15.99", "price_4k": "19.49", "rating": "4.00", "cover_url": "https://www.google.com/search?q=squid+game+imdb&tbm=isch&ved=2ahUKEwiMztu83MH5AhXEgc4BHZS1CyQQ2-cCegQIABAA&oq=squid+game+imdb&gs_lcp=CgNpbWcQAzIECAAQGDIECAAQGDoECCMQJzoGCAAQHhAIOgQIABATOggIABAeEAcQEzoGCAAQHhAHOggIABAeEAcQBToICAAQHhAIEAdQwQZYrBJg_BNoAHAAeACAAYMBiAHDCpIBBDAuMTKYAQCgAQGqAQtnd3Mtd2l6LWltZ8ABAQ&sclient=img&ei=zX_2YsyzBMSDur4PlOuuoAI&bih=555&biw=1280&rlz=1C1CHBD_pt-PTPT971PT971#imgrc=7rvLGO4aWO2SVM", "cover": "squidgame.jpg"}}, {"model": "products.movie", "pk": 30, "fields": {"movie_category": 2, "movie_sub_category": 9, "movie_edition1": 1, "movie_edition2": 2, "movie_edition3": 3, "sku": "s004", "title": "Sweet Home", "director": "Lee Eung-bok", "synopsis": "Hyun, a loner high school student who lost his entire family in a terrible accident, is forced to leave his home and has to face a new reality where monsters are trying to wipe out all of humanity. Now he must fight against all odds to try and race against the clock to save what is left of the human race before it's too late.", "created_on": "2022-08-14T13:08:32.105Z", "price": "6.66", "price_bluray": "9.99", "price_4k": "14.50", "rating": "3.65", "cover_url": "https://www.google.com/search?q=sweet+home+imdb&tbm=isch&ved=2ahUKEwiGwOb_3MH5AhUY_hoKHesdCCUQ2-cCegQIABAA&oq=sweet+home+imdb&gs_lcp=CgNpbWcQARgAMgQIABATMggIABAeEAcQEzIICAAQHhAHEBM6BAgAEBg6BggAEB4QB1CMB1iFE2CrHGgAcAB4AIABlAGIAf0JkgEEMC4xMZgBAKABAaoBC2d3cy13aXotaW1nwAEB&sclient=img&ei=WYD2YsavLpj8a-u7oKgC&bih=555&biw=1280&rlz=1C1CHBD_pt-PTPT971PT971#imgrc=uGp0Ai973v887M", "cover": "sweethome.jpg"}}, {"model": "products.movie", "pk": 31, "fields": {"movie_category": 2, "movie_sub_category": 5, "movie_edition1": 1, "movie_edition2": 2, "movie_edition3": 3, "sku": "s005", "title": "Alice in Borderland", "director": "Shinsuke Sato", "synopsis": "A group of bored delinquents are transported to a parallel dimension as part of a survival game.", "created_on": "2022-08-14T13:08:32.105Z", "price": "7.40", "price_bluray": "10.90", "price_4k": "17.89", "rating": "3.80", "cover_url": "https://www.google.com/search?q=alice+in+borderland+imdb&tbm=isch&ved=2ahUKEwi0u7P43cH5AhWPQvEDHWalDYUQ2-cCegQIABAA&oq=alice+in+borderlaN+imdb&gs_lcp=CgNpbWcQARgAMgYIABAeEAc6BAgAEBM6CAgAEB4QCBATOggIABAeEAcQE1CpB1ifHWDuJWgAcAB4AIABZYgB0Q2SAQQxNy4ymAEAoAEBqgELZ3dzLXdpei1pbWfAAQE&sclient=img&ei=VoH2YrS4KY-Fxc8P5sq2qAg&bih=555&biw=1280&rlz=1C1CHBD_pt-PTPT971PT971#imgrc=1nmtOJF0g8Bo9M", "cover": "aliceborderland.jpg"}}, {"model": "products.movie", "pk": 32, "fields": {"movie_category": 2, "movie_sub_category": 1, "movie_edition1": 1, "movie_edition2": 2, "movie_edition3": 3, "sku": "s006", "title": "Attack on Titan: Seasons 1-3", "director": "Tetsur Araki", "synopsis": "After his hometown is destroyed and his mother is killed, young Eren Jaeger vows to cleanse the earth of the giant humanoid Titans that have brought humanity to the brink of extinction.", "created_on": "2022-08-14T13:08:32.105Z", "price": "24.99", "price_bluray": "38.90", "price_4k": "59.99", "rating": "4.50", "cover_url": "https://www.google.com/search?q=attack+on+titan+imdb&tbm=isch&ved=2ahUKEwjE_Jq13sH5AhUMaRoKHe2WAE4Q2-cCegQIABAA&oq=attack+on+titan+imdb&gs_lcp=CgNpbWcQAzoECCMQJzoGCAAQHhAHOggIABAeEAcQBVDYDVjbJWDTJ2gAcAB4AIABogGIAZAMkgEEMTEuNZgBAKABAaoBC2d3cy13aXotaW1nwAEB&sclient=img&ei=1oH2YsS5DIzSae2tgvAE&bih=555&biw=1280&rlz=1C1CHBD_pt-PTPT971PT971#imgrc=6HGTBtnOkyIwmM", "cover": "aot.jpg"}}, {"model": "products.movie", "pk": 33, "fields": {"movie_category": 2, "movie_sub_category": 2, "movie_edition1": 1, "movie_edition2": 2, "movie_edition3": 3, "sku": "s008", "title": "The Office", "director": "Ricky Gervais", "synopsis": "The story of an office that faces closure when the company decides to downsize its branches. A documentary film crew follow staff and the manager David Brent as they continue their daily lives.", "created_on": "2022-08-14T13:08:32.105Z", "price": "9.99", "price_bluray": "16.99", "price_4k": "22.49", "rating": "4.25", "cover_url": "https://www.google.com/search?q=the+office+imdb&tbm=isch&ved=2ahUKEwjfx8yM38H5AhUGeBoKHV6ODZIQ2-cCegQIABAA&oq=the+office+imdb&gs_lcp=CgNpbWcQAzIECAAQEzIECAAQEzIECAAQEzIECAAQEzIICAAQHhAHEBMyCAgAEB4QBRATMggIABAeEAUQEzIICAAQHhAFEBMyCAgAEB4QCBATOgYIABAeEAg6BggAEB4QBzoFCAAQgAQ6BAgAEEM6CAgAEB4QBxAFOggIABAeEAgQB1D4BljwHGCVHmgAcAB4AIABjwGIAa4NkgEEMC4xNZgBAKABAaoBC2d3cy13aXotaW1nwAEB&sclient=img&ei=jYL2Yp_NHIbwad6ctpAJ&bih=555&biw=1280&rlz=1C1CHBD_pt-PTPT971PT971#imgrc=rOByDGsWFqqiUM", "cover": "theoffice.jpg"}}, {"model": "products.movie", "pk": 34, "fields": {"movie_category": 2, "movie_sub_category": 8, "movie_edition1": 1, "movie_edition2": 2, "movie_edition3": 3, "sku": "s007", "title": "Tales From The Loop", "director": "Nathaniel Halpern", "synopsis": "The townspeople who live above \"The Loop,\" a machine built to unlock and explore the mysteries of the universe, experience things previously consigned to the realm of science fiction.", "created_on": "2022-08-14T13:08:32.105Z", "price": "7.33", "price_bluray": "10.85", "price_4k": "17.50", "rating": "3.70", "cover_url": "https://www.google.com/search?q=tales+of+the+loop+imdb&tbm=isch&ved=2ahUKEwiW6-ro38H5AhWOwYUKHdNkBu8Q2-cCegQIABAA&oq=tales+of+the+loop+imdb&gs_lcp=CgNpbWcQAzoECCMQJzoECAAQEzoICAAQHhAHEBM6CAgAEB4QCBATOgYIABAeEAc6CAgAEB4QCBAHOgYIABAeEAU6BggAEB4QCFCbB1iQQWD1Q2gBcAB4AIABrQGIAaARkgEEMC4yMJgBAKABAaoBC2d3cy13aXotaW1nwAEB&sclient=img&ei=ToP2YpaMN46DlwTTyZn4Dg&bih=555&biw=1280&rlz=1C1CHBD_pt-PTPT971PT971#imgrc=_xmcLW3gCMQHEM", "cover": "talesloop.jpg"}}, {"model": "products.movie", "pk": 35, "fields": {"movie_category": 2, "movie_sub_category": 8, "movie_edition1": 1, "movie_edition2": 2, "movie_edition3": 3, "sku": "s009", "title": "Devs", "director": "Alex Garland", "synopsis": "A computer engineer investigates the secretive development division in her company, which she believes is behind the disappearance of her boyfriend.", "created_on": "2022-08-14T13:08:32.105Z", "price": "10.00", "price_bluray": "14.70", "price_4k": "22.10", "rating": "3.85", "cover_url": "https://www.google.com/search?q=devs+imdb&tbm=isch&ved=2ahUKEwjh_NzR4MH5AhXngc4BHSTEBRwQ2-cCegQIABAA&oq=devs+imdb&gs_lcp=CgNpbWcQAzIECAAQEzoECCMQJzoGCAAQHhAHOggIABAeEAcQE1DiBljxCmD3C2gAcAB4AIABjgGIAdQEkgEDMC41mAEAoAEBqgELZ3dzLXdpei1pbWfAAQE&sclient=img&ei=KoT2YuG_NeeDur4PpIiX4AE&bih=555&biw=1280&rlz=1C1CHBD_pt-PTPT971PT971#imgrc=JsRH17JzqaF7wM", "cover": "devs.jpg"}}, {"model": "products.movie", "pk": 36, "fields": {"movie_category": 2, "movie_sub_category": 2, "movie_edition1": 1, "movie_edition2": 2, "movie_edition3": 3, "sku": "s010", "title": "Who Is America", "director": "Sacha Baron Cohen", "synopsis": "Sacha Baron Cohen offers his take on America's patriotism.", "created_on": "2022-08-14T13:08:32.105Z", "price": "6.49", "price_bluray": "9.90", "price_4k": "16.25", "rating": "4.15", "cover_url": "https://www.google.com/search?q=who+is+america+imdb&tbm=isch&ved=2ahUKEwjIy4Sh4cH5AhUMGRoKHWSdDsIQ2-cCegQIABAA&oq=who+is+america+imdb&gs_lcp=CgNpbWcQAzoECCMQJzoGCAAQHhAHUIYGWKIcYP8caABwAHgAgAF5iAGDDJIBBDAuMTSYAQCgAQGqAQtnd3Mtd2l6LWltZ8ABAQ&sclient=img&ei=0YT2YoifDIyyaOS6upAM&bih=555&biw=1280&rlz=1C1CHBD_pt-PTPT971PT971#imgrc=K5CL53aoZ5qwRM", "cover": "whoisamerica.jpg"}}, {"model": "products.movie", "pk": 37, "fields": {"movie_category": 2, "movie_sub_category": 8, "movie_edition1": 1, "movie_edition2": 2, "movie_edition3": 3, "sku": "s011", "title": "Black Mirror Complete Series", "director": "Charlie Brooker", "synopsis": "An anthology series exploring a twisted, high-tech multiverse where humanity's greatest innovations and darkest instincts collide.", "created_on": "2022-08-14T13:08:32.105Z", "price": "25.00", "price_bluray": "40.99", "price_4k": "65.50", "rating": "4.40", "cover_url": "https://www.google.com/search?q=black+mirror+imdb&tbm=isch&ved=2ahUKEwiYpJ7g4cH5AhUIBRoKHfkZBbQQ2-cCegQIABAA&oq=black+mirror+imdb&gs_lcp=CgNpbWcQAzoECCMQJzoGCAAQHhAHULAHWLgUYI0YaABwAHgAgAFziAHbCpIBBDEuMTKYAQCgAQGqAQtnd3Mtd2l6LWltZ8ABAQ&sclient=img&ei=VYX2YtilLYiKaPmzlKAL&bih=555&biw=1280&rlz=1C1CHBD_pt-PTPT971PT971#imgrc=5XQTOm8ke13jNM", "cover": "blackmirror.jpg"}}, {"model": "products.movie", "pk": 38, "fields": {"movie_category": 2, "movie_sub_category": 2, "movie_edition1": 1, "movie_edition2": 2, "movie_edition3": 3, "sku": "s012", "title": "Modern Family - Complete Series", "director": "Steven Levitan & Christopher Lloyd", "synopsis": "Three different but related families face trials and tribulations in their own uniquely comedic ways.", "created_on": "2022-08-14T13:08:32.105Z", "price": "40.99", "price_bluray": "70.99", "price_4k": "95.49", "rating": "4.25", "cover_url": "https://www.google.com/search?q=modern+family+imdb&tbm=isch&ved=2ahUKEwiS5NWl4sH5AhUOZhoKHa74CugQ2-cCegQIABAA&oq=modern+family+imdb&gs_lcp=CgNpbWcQAzIFCAAQgAQyBggAEB4QBzIGCAAQHhAFMgYIABAeEAgyBAgAEBg6CAgAEB4QBxAFOggIABAeEAgQB1DOB1jIGmC1HGgAcAB4AIABnwGIAdUMkgEEMC4xNJgBAKABAaoBC2d3cy13aXotaW1nwAEB&sclient=img&ei=54X2YtLUFY7Maa7xq8AO&bih=555&biw=1280&rlz=1C1CHBD_pt-PTPT971PT971#imgrc=yqahhSEE7X-mWM", "cover": "modernfamily.jpg"}}, {"model": "products.movie", "pk": 39, "fields": {"movie_category": 2, "movie_sub_category": 4, "movie_edition1": 1, "movie_edition2": 2, "movie_edition3": 3, "sku": "s013", "title": "Your Honor", "director": "Peter Moffat", "synopsis": "A judge confronts his convictions when his son is involved in a hit-and-run that embroils an organized-crime family. Facing impossible choices, he discovers how far a father will go to save his son's life.", "created_on": "2022-08-14T13:08:32.105Z", "price": "12.20", "price_bluray": "19.99", "price_4k": "32.75", "rating": "3.80", "cover_url": "https://www.google.com/search?q=your+honor++imdb&tbm=isch&ved=2ahUKEwj1kcSk48H5AhVHrhoKHbZ6D1cQ2-cCegQIABAA&oq=your+honor++imdb&gs_lcp=CgNpbWcQAzIECAAQEzIICAAQHhAFEBM6BAgjECc6BggAEB4QBzoGCAAQHhAIOgQIABAYOgQIABBDOggIABAeEAcQBToICAAQHhAIEAdQywdY7RRgmBdoAHAAeACAAXqIAc8KkgEEMC4xMpgBAKABAaoBC2d3cy13aXotaW1nwAEB&sclient=img&ei=8Yb2YrXVGMfcarb1vbgF&bih=555&biw=1280&rlz=1C1CHBD_pt-PTPT971PT971#imgrc=eeLEuFvenUJ6xM", "cover": "yourhonor.jpg"}}, {"model": "products.movie", "pk": 40, "fields": {"movie_category": 2, "movie_sub_category": 9, "movie_edition1": 1, "movie_edition2": 2, "movie_edition3": 3, "sku": "s014", "title": "Death Note", "director": "Tetsur Araki", "synopsis": "An intelligent high school student goes on a secret crusade to eliminate criminals from the world after discovering a notebook capable of killing anyone whose name is written into it.", "created_on": "2022-08-14T13:08:32.105Z", "price": "15.99", "price_bluray": "28.60", "price_4k": "40.00", "rating": "4.50", "cover_url": "https://www.google.com/search?q=death+note+imdb&tbm=isch&ved=2ahUKEwjQ2Jr548H5AhUNSRoKHSfYAjsQ2-cCegQIABAA&oq=death+note+imdb&gs_lcp=CgNpbWcQAzIFCAAQgAQyBggAEB4QBzIGCAAQHhAHMgYIABAeEAcyBAgAEB4yBAgAEBg6BAgjECc6CAgAEB4QBxATULQFWO8gYMciaAJwAHgAgAF2iAGPC5IBBDAuMTOYAQCgAQGqAQtnd3Mtd2l6LWltZ8ABAQ&sclient=img&ei=oof2YtD_O42Saaewi9gD&bih=555&biw=1280&rlz=1C1CHBD_pt-PTPT971PT971#imgrc=TSjRG-NsfkIAHM", "cover": "deathnote.jpg"}}, {"model": "products.movie", "pk": 41, "fields": {"movie_category": 2, "movie_sub_category": 12, "movie_edition1": 1, "movie_edition2": 2, "movie_edition3": 3, "sku": "s015", "title": "Drive to Survive - Season 1", "director": "Not Available", "synopsis": "Docuseries following the FIA Formula One World Championship across multiple seasons.", "created_on": "2022-08-14T13:08:32.105Z", "price": "7.50", "price_bluray": "12.90", "price_4k": "19.99", "rating": "4.30", "cover_url": "https://www.google.com/search?q=drive+to+survive+imdb&tbm=isch&ved=2ahUKEwiVx8XG5MH5AhUPLxoKHT2EANMQ2-cCegQIABAA&oq=drive+to+survive+imdb&gs_lcp=CgNpbWcQAzIECAAQGDoECCMQJzoECAAQHjoGCAAQHhAIOgYIABAeEAc6CAgAEB4QBxAFOgQIABATOggIABAeEAcQEzoKCAAQHhAHEAUQEzoICAAQHhAFEBNQ1hFY3i5g4C9oAHAAeAKAAcECiAHrE5IBCDAuMTMuMi4ymAEAoAEBqgELZ3dzLXdpei1pbWfAAQE&sclient=img&ei=RYj2YtWQCo_eaL2IgpgN&bih=555&biw=1280&rlz=1C1CHBD_pt-PTPT971PT971#imgrc=KFexT-ByzqO2yM", "cover": "drivetosurvive.jpg"}}, {"model": "products.movie", "pk": 42, "fields": {"movie_category": 2, "movie_sub_category": 7, "movie_edition1": 1, "movie_edition2": 2, "movie_edition3": 3, "sku": "s016", "title": "Sex Education Complete Series", "director": "Laurie Nunn", "synopsis": "A teenage boy with a sex therapist mother teams up with a high school classmate to set up an underground sex therapy clinic at school.", "created_on": "2022-08-14T13:08:32.105Z", "price": "19.39", "price_bluray": "29.99", "price_4k": "42.50", "rating": "4.20", "cover_url": "https://www.google.com/search?q=sex+education+imdb&tbm=isch&ved=2ahUKEwi2gveU5cH5AhUFXRoKHa-qBYsQ2-cCegQIABAA&oq=sex+education+imdb&gs_lcp=CgNpbWcQAzoECCMQJzoICAAQsQMQgwE6BAgAEAM6CAgAEIAEELEDOgsIABCABBCxAxCDAToFCAAQgAQ6BAgAEEM6BwgAELEDEENQnApYhyhgwChoAHAAeACAAZsBiAHDD5IBBDAuMTiYAQCgAQGqAQtnd3Mtd2l6LWltZ8ABAQ&sclient=img&ei=6Yj2YvbpIYW6aa_VltgI&bih=555&biw=1280&rlz=1C1CHBD_pt-PTPT971PT971#imgrc=DlqQrJUrvV23gM", "cover": "sexeducation.jpg"}}, {"model": "products.movie", "pk": 43, "fields": {"movie_category": 1, "movie_sub_category": 8, "movie_edition1": 1, "movie_edition2": 2, "movie_edition3": 3, "sku": "m015", "title": "Interstellar", "director": "Christopher Nolan", "synopsis": "A team of explorers travel through a wormhole in space in an attempt to ensure humanity's survival.", "created_on": "2022-08-14T13:08:32.105Z", "price": "10.95", "price_bluray": "14.70", "price_4k": "19.95", "rating": "4.30", "cover_url": "https://www.google.com/search?q=interstellar+imdb&tbm=isch&ved=2ahUKEwjJmcOH5sH5AhULBRoKHVY0DuIQ2-cCegQIABAA&oq=interstellar+imdb&gs_lcp=CgNpbWcQAzIFCAAQgAQyBggAEB4QBzIECAAQHjIECAAQGDoICAAQHhAHEAVQxwhYoxZgkx1oAHAAeACAAa4BiAG3CpIBAzkuNJgBAKABAaoBC2d3cy13aXotaW1nwAEB&sclient=img&ei=2Yn2YonJNYuKaNbouJAO&bih=555&biw=1280&rlz=1C1CHBD_pt-PTPT971PT971#imgrc=6FhfDBhp2bV3iM", "cover": "interstellar.jpg"}}, {"model": "products.movie", "pk": 44, "fields": {"movie_category": 1, "movie_sub_category": 3, "movie_edition1": 1, "movie_edition2": 2, "movie_edition3": 3, "sku": "m016", "title": "Spirited Away", "director": "Hayao Miyazaki", "synopsis": "During her family's move to the suburbs, a sullen 10-year-old girl wanders into a world ruled by gods, witches, and spirits, and where humans are changed into beasts.", "created_on": "2022-08-14T13:08:32.105Z", "price": "5.50", "price_bluray": "9.70", "price_4k": "17.68", "rating": "4.30", "cover_url": "https://www.google.com/search?q=spirited+away+imdb&tbm=isch&ved=2ahUKEwjgsv_m5sH5AhW6hM4BHaG5DhMQ2-cCegQIABAA&oq=spirited+away+imdb&gs_lcp=CgNpbWcQAzIGCAAQHhAHMgYIABAeEAc6BAgAEEM6BAgAEB46BggAEB4QCDoECAAQGDoECAAQEzoICAAQHhAHEBNQoAlYozFggDJoAXAAeACAAY8BiAHlDJIBBDAuMTWYAQCgAQGqAQtnd3Mtd2l6LWltZ8ABAQ&sclient=img&ei=oor2YuDZBbqJur4PofO6mAE&bih=555&biw=1280&rlz=1C1CHBD_pt-PTPT971PT971#imgrc=aBNMstFbBMnwMM", "cover": "spiritedaway.jpg"}}, {"model": "products.movie", "pk": 45, "fields": {"movie_category": 1, "movie_sub_category": 6, "movie_edition1": 1, "movie_edition2": 2, "movie_edition3": 3, "sku": "m017", "title": "Les Misrables", "director": "Tom Hooper", "synopsis": "In 19th-century France, Jean Valjean, who for decades has been hunted by the ruthless policeman Javert after breaking parole, agrees to care for a factory worker's daughter. The decision changes their lives forever.", "created_on": "2022-08-14T13:08:32.105Z", "price": "4.99", "price_bluray": "7.60", "price_4k": "13.90", "rating": "3.75", "cover_url": "https://www.google.com/search?q=les+miserables+imdb&tbm=isch&ved=2ahUKEwib1MK858H5AhUSRBoKHUSfDKIQ2-cCegQIABAA&oq=les+miserables+imdb&gs_lcp=CgNpbWcQAzoECCMQJzoICAAQHhAIEBM6CAgAEB4QBxATOgYIABAeEAdQwAZYyhxgnB1oAHAAeACAAYIBiAGJDJIBBDAuMTSYAQCgAQGqAQtnd3Mtd2l6LWltZ8ABAQ&sclient=img&ei=VYv2YtvVG5KIacS-spAK&bih=555&biw=1280&rlz=1C1CHBD_pt-PTPT971PT971#imgrc=DdKP6_kH0vyowM", "cover": "lesmiserables.jpg"}}, {"model": "products.movie", "pk": 46, "fields": {"movie_category": 1, "movie_sub_category": 7, "movie_edition1": 1, "movie_edition2": 2, "movie_edition3": 3, "sku": "m018", "title": "Her", "director": "Spike Jonze", "synopsis": "In a near future, a lonely writer develops an unlikely relationship with an operating system designed to meet his every need.", "created_on": "2022-08-14T13:08:32.105Z", "price": "6.70", "price_bluray": "9.90", "price_4k": "16.40", "rating": "4.00", "cover_url": "https://www.google.com/search?q=her+imdb&tbm=isch&ved=2ahUKEwilteH-58H5AhVSExoKHRw9AJYQ2-cCegQIABAA&oq=her+imdb&gs_lcp=CgNpbWcQAzIECAAQEzIICAAQHhAHEBMyCAgAEB4QBxATMggIABAeEAcQEzIICAAQHhAHEBMyCAgAEB4QBxATMggIABAeEAcQEzIICAAQHhAHEBMyCAgAEB4QBxATMggIABAeEAcQE1ChB1jACGDqCWgAcAB4AIABgQGIAdEDkgEDMC40mAEAoAEBqgELZ3dzLXdpei1pbWfAAQE&sclient=img&ei=4Iv2YqXFFtKmaJz6gLAJ&bih=555&biw=1280&rlz=1C1CHBD_pt-PTPT971PT971#imgrc=Uh7p3zxjQmPEwM", "cover": "her.jpg"}}, {"model": "products.movie", "pk": 47, "fields": {"movie_category": 1, "movie_sub_category": 10, "movie_edition1": 1, "movie_edition2": 2, "movie_edition3": 3, "sku": "m019", "title": "1917", "director": "Sam Mendes", "synopsis": "April 6th, 1917. As an infantry battalion assembles to wage war deep in enemy territory, two soldiers are assigned to race against time and deliver a message that will stop 1,600 men from walking straight into a deadly trap.", "created_on": "2022-08-14T13:08:32.105Z", "price": "8.65", "price_bluray": "14.10", "price_4k": "19.17", "rating": "4.10", "cover_url": "https://www.google.com/search?q=1917+imdb&tbm=isch&ved=2ahUKEwjRqM616MH5AhWHBhoKHUsaCPEQ2-cCegQIABAA&oq=1917+imdb&gs_lcp=CgNpbWcQAzIECAAQEzIECAAQEzIICAAQHhAHEBMyCAgAEB4QBxATOgQIIxAnOggIABAeEAgQEzoGCAAQHhAHULEIWKwOYP0PaABwAHgAgAFziAH_BJIBAzEuNZgBAKABAaoBC2d3cy13aXotaW1nwAEB&sclient=img&ei=U4z2YpGzGIeNaMu0oIgP&bih=555&biw=1280&rlz=1C1CHBD_pt-PTPT971PT971#imgrc=BoOFH8CFZesn8M", "cover": "1917.jpg"}}, {"model": "products.movie", "pk": 48, "fields": {"movie_category": 1, "movie_sub_category": 11, "movie_edition1": 1, "movie_edition2": 2, "movie_edition3": 3, "sku": "m020", "title": "The Hateful Eight", "director": "Quentin Tarantino", "synopsis": "In the dead of a Wyoming winter, a bounty hunter and his prisoner find shelter in a cabin currently inhabited by a collection of nefarious characters.", "created_on": "2022-08-14T13:08:32.105Z", "price": "7.21", "price_bluray": "10.56", "price_4k": "18.90", "rating": "3.90", "cover_url": "https://www.google.com/search?q=hateful+eigth+imdb&tbm=isch&ved=2ahUKEwiu84fe6MH5AhWPz4UKHaNADy4Q2-cCegQIABAA&oq=hateful+eigth+imdb&gs_lcp=CgNpbWcQAzoECCMQJzoECAAQEzoICAAQHhAIEBM6BggAEB4QB1CwCFjqI2CTJWgCcAB4AIABigGIAZEPkgEEMC4xN5gBAKABAaoBC2d3cy13aXotaW1nwAEB&sclient=img&ei=qIz2Yq7_DY-flwSjgb3wAg&bih=555&biw=1280&rlz=1C1CHBD_pt-PTPT971PT971#imgrc=jezAOGUAasBDFM", "cover": "hatefuleight.jpg"}}, {"model": "products.movie", "pk": 49, "fields": {"movie_category": 1, "movie_sub_category": 12, "movie_edition1": 1, "movie_edition2": 2, "movie_edition3": 3, "sku": "m021", "title": "Ford V Ferrari", "director": "James Mangold", "synopsis": "American car designer Carroll Shelby and driver Ken Miles battle corporate interference and the laws of physics to build a revolutionary race car for Ford in order to defeat Ferrari at the 24 Hours of Le Mans in 1966.", "created_on": "2022-08-14T13:08:32.105Z", "price": "7.45", "price_bluray": "12.99", "price_4k": "19.55", "rating": "4.05", "cover_url": "https://www.google.com/search?q=ford+vs+ferrari+imdb&tbm=isch&ved=2ahUKEwj517fP6cH5AhUEhM4BHfYmBk4Q2-cCegQIABAA&oq=ford++imdb&gs_lcp=CgNpbWcQARgAMgYIABAeEAcyBggAEB4QBzIICAAQHhAHEAUyBggAEB4QBTIGCAAQHhAFMgYIABAeEAUyBggAEB4QBTIGCAAQHhAFMgYIABAeEAUyBAgAEBg6BAgjECdQwgdY-wxg5hZoAHAAeACAAcIBiAH0BZIBAzEuNZgBAKABAaoBC2d3cy13aXotaW1nwAEB&sclient=img&ei=lY32Yrm5PISIur4P9s2Y8AQ&bih=555&biw=1280&rlz=1C1CHBD_pt-PTPT971PT971#imgrc=To5MwItJfRH1FM", "cover": "fordxferrari.jpg"}}, {"model": "products.movie", "pk": 50, "fields": {"movie_category": 1, "movie_sub_category": 14, "movie_edition1": 1, "movie_edition2": 2, "movie_edition3": 3, "sku": "m022", "title": "The Lord of the Rings: The Fellowship of the Ring", "director": "Peter Jackson", "synopsis": "A meek Hobbit from the Shire and eight companions set out on a journey to destroy the powerful One Ring and save Middle-earth from the Dark Lord Sauron.", "created_on": "2022-08-14T13:08:32.105Z", "price": "8.88", "price_bluray": "14.37", "price_4k": "18.99", "rating": "4.40", "cover_url": "https://www.google.com/search?q=fellowship+of+the+ring+imdb&tbm=isch&ved=2ahUKEwifssvO6sH5AhXCgc4BHRL1BAkQ2-cCegQIABAA&oq=fellowship+of+the+ring+imdb&gs_lcp=CgNpbWcQAzIICAAQHhAHEAU6BAgjECc6BAgAEBM6CAgAEB4QCBATOgUIABCABDoECAAQQzoGCAAQHhAHOgYIABAeEAVQpwdY2EJgwENoAXAAeAGAAaABiAH_FZIBBDMuMjSYAQCgAQGqAQtnd3Mtd2l6LWltZ8ABAQ&sclient=img&ei=oI72Yp_iJ8KDur4PkuqTSA&bih=555&biw=1280&rlz=1C1CHBD_pt-PTPT971PT971#imgrc=6-f04EV6lrjNxM", "cover": "fellowshipofthering.jpg"}}, {"model": "products.movie", "pk": 51, "fields": {"movie_category": 1, "movie_sub_category": 14, "movie_edition1": 1, "movie_edition2": 2, "movie_edition3": 3, "sku": "m023", "title": "The Lord of the Rings: The Two Towers", "director": "Peter Jackson", "synopsis": "While Frodo and Sam edge closer to Mordor with the help of the shifty Gollum, the divided fellowship makes a stand against Sauron's new ally, Saruman, and his hordes of Isengard.", "created_on": "2022-08-14T13:08:32.105Z", "price": "9.00", "price_bluray": "14.10", "price_4k": "19.90", "rating": "4.40", "cover_url": "https://www.google.com/search?q=two+towers+imdb&tbm=isch&ved=2ahUKEwj8v9Cd68H5AhXcYvEDHTtiD-8Q2-cCegQIABAA&oq=two+towers+imdb&gs_lcp=CgNpbWcQAzIGCAAQHhAFMgQIABAYOgQIIxAnOgYIABAeEAc6CAgAEB4QBxAFUP8GWKkmYKInaANwAHgBgAHjAogB6Q2SAQgxLjEyLjAuMZgBAKABAaoBC2d3cy13aXotaW1nwAEB&sclient=img&ei=Ro_2YvyEGdzFxc8Pu8S9-A4&bih=555&biw=1280&rlz=1C1CHBD_pt-PTPT971PT971#imgrc=QW_Qo0aEAuvUoM", "cover": "twotowers.jpg"}}, {"model": "products.movie", "pk": 52, "fields": {"movie_category": 1, "movie_sub_category": 1, "movie_edition1": 1, "movie_edition2": 2, "movie_edition3": 3, "sku": "m024", "title": "Mad Max: Fury Road", "director": "George Miller", "synopsis": "In a post-apocalyptic wasteland, a woman rebels against a tyrannical ruler in search for her homeland with the aid of a group of female prisoners, a psychotic worshiper, and a drifter named Max.", "created_on": "2022-08-14T13:08:32.105Z", "price": "6.99", "price_bluray": "11.99", "price_4k": "17.59", "rating": "4.05", "cover_url": "https://www.google.com/search?q=mads+max+imdb&tbm=isch&ved=2ahUKEwiiwfrP68H5AhUAQ_EDHUpLC7EQ2-cCegQIABAA&oq=mads+max+imdb&gs_lcp=CgNpbWcQAzoECCMQJzoGCAAQHhAHUOkFWJIZYNcaaABwAHgBgAF5iAG2CJIBAzEuOZgBAKABAaoBC2d3cy13aXotaW1nwAEB&sclient=img&ei=r4_2YuKtOoCGxc8PypatiAs&bih=555&biw=1280&rlz=1C1CHBD_pt-PTPT971PT971#imgrc=cK8ilAmtkgjInM", "cover": "madmax.jpg"}}, {"model": "products.movie", "pk": 53, "fields": {"movie_category": 1, "movie_sub_category": 2, "movie_edition1": 1, "movie_edition2": 2, "movie_edition3": 3, "sku": "m025", "title": "Superbad", "director": "Greg Mottola", "synopsis": "Two co-dependent high school seniors are forced to deal with separation anxiety after their plan to stage a booze-soaked party goes awry.", "created_on": "2022-08-14T13:08:32.105Z", "price": "4.99", "price_bluray": "8.10", "price_4k": "15.55", "rating": "3.80", "cover_url": "https://www.google.com/search?q=superbad+imdb&tbm=isch&ved=2ahUKEwiAr9mg7MH5AhXjXvEDHYs7CgYQ2-cCegQIABAA&oq=superbad+imdb&gs_lcp=CgNpbWcQAzIECAAQEzIICAAQHhAHEBMyCAgAEB4QBRATOgQIIxAnOgYIABAeEAdQ5gZYryZggihoBXAAeACAAbUBiAGCDJIBBDAuMTOYAQCgAQGqAQtnd3Mtd2l6LWltZ8ABAQ&sclient=img&ei=WZD2YsCeEeO9xc8Pi_eoMA&bih=555&biw=1280&rlz=1C1CHBD_pt-PTPT971PT971#imgrc=hYQDsSAor64IsM", "cover": "superbad.jpg"}}, {"model": "products.movie", "pk": 54, "fields": {"movie_category": 1, "movie_sub_category": 3, "movie_edition1": 1, "movie_edition2": 2, "movie_edition3": 3, "sku": "m026", "title": "Soul", "director": "Pete Docter & Kemp Powers", "synopsis": "After landing the gig of a lifetime, a New York jazz pianist suddenly finds himself trapped in a strange land between Earth and the afterlife.", "created_on": "2022-08-14T13:08:32.105Z", "price": "6.90", "price_bluray": "12.49", "price_4k": "20.99", "rating": "4.00", "cover_url": "https://www.google.com/search?q=soulimdb&tbm=isch&ved=2ahUKEwjYm_bQ7MH5AhULQfEDHYpnAhkQ2-cCegQIABAA&oq=soulimdb&gs_lcp=CgNpbWcQAzIGCAAQHhAHMgYIABAeEAcyBggAEB4QBzIGCAAQHhAHMgYIABAeEAcyBggAEB4QBzIGCAAQHhAHMgYIABAeEAcyBggAEB4QBzIGCAAQHhAHOgQIABATOggIABAeEAcQEzoICAAQHhAIEBNQhh1YuyBgliJoAHAAeACAAXWIAaoEkgEDMC41mAEAoAEBqgELZ3dzLXdpei1pbWfAAQE&sclient=img&ei=vpD2YtjEGYuCxc8Pis-JyAE&bih=555&biw=1280&rlz=1C1CHBD_pt-PTPT971PT971#imgrc=Xi_dpWmh4gYJLM", "cover": "soul.jpg"}}, {"model": "products.movie", "pk": 55, "fields": {"movie_category": 1, "movie_sub_category": 4, "movie_edition1": 1, "movie_edition2": 2, "movie_edition3": 3, "sku": "m027", "title": "Roma", "director": "Alfonso Cuarn", "synopsis": "A year in the life of a middle-class family's maid in Mexico City in the early 1970s.", "created_on": "2022-08-14T13:08:32.105Z", "price": "8.80", "price_bluray": "13.76", "price_4k": "18.90", "rating": "3.75", "cover_url": "https://www.google.com/search?q=roma+imdb&tbm=isch&ved=2ahUKEwiGttKd8MH5AhVohc4BHfVnAykQ2-cCegQIABAA&oq=roma+imdb&gs_lcp=CgNpbWcQAzIECAAQEzoECCMQJ1CzCVjKEmDDFWgAcAB4AIABbogB4AWSAQMyLjWYAQCgAQGqAQtnd3Mtd2l6LWltZ8ABAQ&sclient=img&ei=hJT2YobkJeiKur4P9c-NyAI&bih=555&biw=1280&rlz=1C1CHBD_pt-PTPT971PT971#imgrc=Sgo6_l6wBpAp1M", "cover": "roma.jpg"}}, {"model": "products.movie", "pk": 56, "fields": {"movie_category": 1, "movie_sub_category": 5, "movie_edition1": 1, "movie_edition2": 2, "movie_edition3": 3, "sku": "m028", "title": "Don't Breathe", "director": "Fede Alvarez", "synopsis": "Hoping to walk away with a massive fortune, a trio of thieves break into the house of a blind man who isn't as helpless as he seems.", "created_on": "2022-08-14T13:08:32.105Z", "price": "9.19", "price_bluray": "14.70", "price_4k": "20.19", "rating": "3.55", "cover_url": "https://www.google.com/search?q=dont+breathe+imdb&tbm=isch&ved=2ahUKEwiT45fY8MH5AhUQNRoKHVOoDXEQ2-cCegQIABAA&oq=dont+breathe+imdb&gs_lcp=CgNpbWcQAzIECAAQEzoECCMQJzoGCAAQHhAHUIwJWOkXYN8ZaABwAHgAgAGlAYgBwAySAQQwLjE0mAEAoAEBqgELZ3dzLXdpei1pbWfAAQE&sclient=img&ei=_5T2YtPnF5DqaNPQtogH&bih=555&biw=1280&rlz=1C1CHBD_pt-PTPT971PT971#imgrc=UZ-ylljbO9-BDM", "cover": "dontbreathe.jpg"}}, {"model": "products.movie", "pk": 57, "fields": {"movie_category": 1, "movie_sub_category": 6, "movie_edition1": 1, "movie_edition2": 2, "movie_edition3": 3, "sku": "m029", "title": "Mamma Mia!", "director": "Phyllida Lloyd", "synopsis": "The story of a bride-to-be trying to find her real father told using hit songs by the popular 1970s group ABBA.", "created_on": "2022-08-14T13:08:32.105Z", "price": "4.79", "price_bluray": "9.99", "price_4k": "18.79", "rating": "3.20", "cover_url": "https://www.google.com/search?q=mamma+mia+imdb&tbm=isch&ved=2ahUKEwiW95iQ8cH5AhUG4RoKHbXICkYQ2-cCegQIABAA&oq=mamma+mia+imdb&gs_lcp=CgNpbWcQAzIECAAQEzIICAAQHhAHEBMyCAgAEB4QBxATOgQIIxAnOgYIABAeEAdQvgZYxRFgxRpoAHAAeACAAYkBiAHoCJIBBDAuMTCYAQCgAQGqAQtnd3Mtd2l6LWltZ8ABAQ&sclient=img&ei=dJX2YpbtM4bCa7WRq7AE&bih=555&biw=1280&rlz=1C1CHBD_pt-PTPT971PT971#imgrc=G-TgYrB6cGA6nM", "cover": "mammamia.jpg"}}, {"model": "products.movie", "pk": 58, "fields": {"movie_category": 1, "movie_sub_category": 7, "movie_edition1": 1, "movie_edition2": 2, "movie_edition3": 3, "sku": "m030", "title": "A Star is Born", "director": "Bradley Cooper", "synopsis": "A musician helps a young singer find fame as age and alcoholism send his own career into a downward spiral.", "created_on": "2022-08-14T13:08:32.105Z", "price": "7.60", "price_bluray": "13.99", "price_4k": "19.99", "rating": "3.80", "cover_url": "https://www.google.com/search?q=a+star+is+born+imdb&rlz=1C1CHBD_pt-PTPT971PT971&sxsrf=ALiCzsbRZR52kI-4ZK_dDz1haq3fmatC9g:1660404205224&source=lnms&tbm=isch&sa=X&ved=2ahUKEwjAydfWj8T5AhXQwIUKHV4BDCwQ_AUoAXoECAEQAw&biw=1280&bih=587&dpr=1.5", "cover": "astarisborn.jpg"}}, {"model": "products.movie", "pk": 59, "fields": {"movie_category": 1, "movie_sub_category": 8, "movie_edition1": 1, "movie_edition2": 2, "movie_edition3": 3, "sku": "m031", "title": "Ex Machina", "director": "Alex Garland", "synopsis": "A young programmer is selected to participate in a ground-breaking experiment in synthetic intelligence by evaluating the human qualities of a highly advanced humanoid A.I.", "created_on": "2022-08-14T13:08:32.105Z", "price": "8.99", "price_bluray": "14.99", "price_4k": "21.99", "rating": "3.85", "cover_url": "https://www.google.com/search?q=ex+machina+imdb&tbm=isch&ved=2ahUKEwiOqOT-8cH5AhUa04UKHWvRAuIQ2-cCegQIABAA&oq=ex+machina+imdb&gs_lcp=CgNpbWcQAzIFCAAQgAQ6BAgAEBM6CAgAEB4QCBATOgYIABAeEAc6CAgAEB4QBxAFOgQIABAYUOUJWPwVYIUZaABwAHgAgAG8AYgB9gmSAQQwLjExmAEAoAEBqgELZ3dzLXdpei1pbWfAAQE&sclient=img&ei=XJb2Yo6KL5qmlwTroouQDg&bih=555&biw=1280&rlz=1C1CHBD_pt-PTPT971PT971#imgrc=zUZIthUu_NBtDM", "cover": "exmachina.jpg"}}, {"model": "products.movie", "pk": 60, "fields": {"movie_category": 1, "movie_sub_category": 9, "movie_edition1": 1, "movie_edition2": 2, "movie_edition3": 3, "sku": "m032", "title": "The Dark Knight", "director": "Christopher Nolan", "synopsis": "When the menace known as the Joker wreaks havoc and chaos on the people of Gotham, Batman must accept one of the greatest psychological and physical tests of his ability to fight injustice.", "created_on": "2022-08-14T13:08:32.105Z", "price": "7.99", "price_bluray": "11.50", "price_4k": "17.80", "rating": "4.50", "cover_url": "https://www.google.com/search?q=the+dark+knight+imdb&&tbm=isch&ved=2ahUKEwiPgaG88sH5AhWl34UKHfUQB58Q2-cCegQIABAA&oq=the+dark+knight+imdb&gs_lcp=CgNpbWcQAzIECAAQEzIECAAQEzIICAAQHhAHEBMyCAgAEB4QBxATMggIABAeEAcQEzIICAAQHhAHEBM6BAgjECc6BggAEB4QB1D4CljrIWDqJWgBcAB4AIABdYgBoQ6SAQQwLjE3mAEAoAEBqgELZ3dzLXdpei1pbWfAAQE&sclient=img&ei=3Zb2Ys-eKqW_lwT1oZz4CQ&bih=555&biw=1280&rlz=1C1CHBD_pt-PTPT971PT971#imgrc=9XZpjvlbgQblpM", "cover": "darkknight.jpg"}}, {"model": "products.movie", "pk": 61, "fields": {"movie_category": 1, "movie_sub_category": 10, "movie_edition1": 1, "movie_edition2": 2, "movie_edition3": 3, "sku": "m033", "title": "Hacksaw ridge", "director": "Mel Gibson", "synopsis": "World War II American Army Medic Desmond T. Doss, who served during the Battle of Okinawa, refuses to kill people and becomes the first man in American history to receive the Medal of Honor without firing a shot.", "created_on": "2022-08-14T13:08:32.105Z", "price": "9.95", "price_bluray": "13.60", "price_4k": "18.80", "rating": "4.05", "cover_url": "https://www.google.com/search?q=hacksaw+ridge+imdb&tbm=isch&ved=2ahUKEwi2wIKB88H5AhUJgRoKHXrWBzQQ2-cCegQIABAA&oq=hacksaw+ridge+imdb&gs_lcp=CgNpbWcQAzIECAAQEzoECCMQJzoICAAQHhAIEBM6BggAEB4QBzoICAAQHhAHEAU6CAgAEB4QBxATOgoIABAeEAcQBRATOggIABAeEAUQE1CpB1ioGWC7HGgAcAB4AIAB0QGIAa4NkgEGMS4xMi4xmAEAoAEBqgELZ3dzLXdpei1pbWfAAQE&sclient=img&ei=bZf2YvbVNomCavqsn6AD&bih=555&biw=1280&rlz=1C1CHBD_pt-PTPT971PT971#imgrc=eZJzKVQjJI57FM", "cover": "hacksawridge.jpg"}}, {"model": "products.movie", "pk": 62, "fields": {"movie_category": 1, "movie_sub_category": 11, "movie_edition1": 1, "movie_edition2": 2, "movie_edition3": 3, "sku": "m034", "title": "Django Uncahined", "director": "Quentin Tarantino", "synopsis": "With the help of a German bounty-hunter, a freed slave sets out to rescue his wife from a brutal plantation-owner in Mississippi.", "created_on": "2022-08-14T13:08:32.105Z", "price": "7.89", "price_bluray": "15.38", "price_4k": "22.10", "rating": "4.20", "cover_url": "https://www.google.com/search?q=django+imdb&tbm=isch&ved=2ahUKEwjnnIyx88H5AhVEHBoKHTgdBf4Q2-cCegQIABAA&oq=django+imdb&gs_lcp=CgNpbWcQAzIFCAAQgAQyBggAEB4QBzoECCMQJ1DeB1j_DGDwDmgAcAB4AIABhwGIAY0GkgEDMS42mAEAoAEBqgELZ3dzLXdpei1pbWfAAQE&sclient=img&ei=0pf2YufrK8S4aLi6lPAP&bih=555&biw=1280&rlz=1C1CHBD_pt-PTPT971PT971#imgrc=iVs3JE_WarCaGM", "cover": "django.jpg"}}, {"model": "products.movie", "pk": 63, "fields": {"movie_category": 1, "movie_sub_category": 12, "movie_edition1": 1, "movie_edition2": 2, "movie_edition3": 3, "sku": "m035", "title": "Warrior", "director": "Gavin O'Connor", "synopsis": "The youngest son of an alcoholic former boxer returns home, where he's trained by his father for competition in a mixed martial arts tournament - a path that puts the fighter on a collision course with his estranged, older brother.", "created_on": "2022-08-14T13:08:32.105Z", "price": "5.59", "price_bluray": "9.80", "price_4k": "16.20", "rating": "4.20", "cover_url": "https://www.google.com/search?q=warrior+imdb&tbm=isch&ved=2ahUKEwj5tK_q88H5AhUXgM4BHUG3CSkQ2-cCegQIABAA&oq=warrior+imdb&gs_lcp=CgNpbWcQAzIECAAQEzIICAAQHhAHEBMyCAgAEB4QBxATMggIABAeEAcQEzIKCAAQHhAHEAUQEzIICAAQHhAFEBM6BAgAEEM6BggAEB4QCDoGCAAQHhAHOggIABAeEAcQBVCWCFjvDmDPEmgAcAB4AIABkwGIAasHkgEDMC44mAEAoAEBqgELZ3dzLXdpei1pbWfAAQE&sclient=img&ei=Spj2YvnnMpeAur4Pwe6myAI&bih=555&biw=1280&rlz=1C1CHBD_pt-PTPT971PT971#imgrc=D4CWiRZvabTn0M", "cover": "warrior.jpg"}}, {"model": "products.movie", "pk": 64, "fields": {"movie_category": 1, "movie_sub_category": 14, "movie_edition1": 1, "movie_edition2": 2, "movie_edition3": 3, "sku": "m036", "title": "Thor Ragnarok", "director": "Taika Waititi", "synopsis": "Imprisoned on the planet Sakaar, Thor must race against time to return to Asgard and stop Ragnark, the destruction of his world, at the hands of the powerful and ruthless villain Hela.", "created_on": "2022-08-14T13:08:32.105Z", "price": "7.99", "price_bluray": "13.29", "price_4k": "19.19", "rating": "3.95", "cover_url": "https://www.google.com/search?q=thor+ragnarok+imdb&tbm=isch&ved=2ahUKEwjtoZeW9cH5AhWZw4UKHR4bA18Q2-cCegQIABAA&oq=thor+ra+imdb&gs_lcp=CgNpbWcQARgAMgYIABAeEAcyBggAEB4QBzIGCAAQHhAHOgQIIxAnOggIABAeEAgQEzoICAAQHhAHEBM6BAgAEBNQygdYgxBgoxZoAHAAeACAAaoBiAHIB5IBAzAuOJgBAKABAaoBC2d3cy13aXotaW1nwAEB&sclient=img&ei=s5n2Yq38CJmHlwSetoz4BQ&bih=555&biw=1280&rlz=1C1CHBD_pt-PTPT971PT971#imgrc=_9tK35yF6Z_BHM", "cover": "thorragnarok.jpg"}}, {"model": "products.movie", "pk": 65, "fields": {"movie_category": 1, "movie_sub_category": 1, "movie_edition1": 1, "movie_edition2": 2, "movie_edition3": 3, "sku": "m037", "title": "Top Gun Maverick", "director": "Joseph Kosinski", "synopsis": "After more than thirty years of service as one of the Navy's top aviators, Pete Mitchell is where he belongs, pushing the envelope as a courageous test pilot and dodging the advancement in rank that would ground him.", "created_on": "2022-08-14T13:08:32.105Z", "price": "9.99", "price_bluray": "15.99", "price_4k": "24.50", "rating": "4.30", "cover_url": "https://www.google.com/search?q=top+gun+imdb&tbm=isch&ved=2ahUKEwj6mor69sH5AhUqhM4BHRi4DTIQ2-cCegQIABAA&oq=top+gun+imdb&gs_lcp=CgNpbWcQAzIECAAQEzIICAAQHhAHEBMyCAgAEB4QBxATMggIABAeEAcQEzoECCMQJzoICAAQHhAIEBM6BggAEB4QB1C-CFjQEGDbF2gAcAB4AIABiAGIAbcIkgEDMC45mAEAoAEBqgELZ3dzLXdpei1pbWfAAQE&sclient=img&ei=kZv2YrqOBaqIur4PmPC2kAM&bih=555&biw=1280&rlz=1C1CHBD_pt-PTPT971PT971#imgrc=nSjZAZc92TgLLM", "cover": "topgunmaverick.jpg"}}, {"model": "products.movie", "pk": 66, "fields": {"movie_category": 1, "movie_sub_category": 2, "movie_edition1": 1, "movie_edition2": 2, "movie_edition3": 3, "sku": "m038", "title": "Trainwreck", "director": "Judd Apatow", "synopsis": "Having thought that monogamy was never possible, a commitment-phobic career woman may have to face her fears when she meets a good guy.", "created_on": "2022-08-14T13:08:32.105Z", "price": "4.99", "price_bluray": "8.69", "price_4k": "13.27", "rating": "3.10", "cover_url": "https://www.google.com/search?q=trainwreck+imdb&tbm=isch&ved=2ahUKEwi4npW898H5AhWm8IUKHWl2DGoQ2-cCegQIABAA&oq=trainwreck+imdb&gs_lcp=CgNpbWcQAzIECAAQGDoECCMQJzoICAAQHhAIEBM6BggAEB4QBzoICAAQHhAHEAVQ5gVYnxZglxdoAHAAeACAAYYBiAHxCZIBBDAuMTGYAQCgAQGqAQtnd3Mtd2l6LWltZ8ABAQ&sclient=img&ei=G5z2YvikKabhlwTp7LHQBg&bih=555&biw=1280&rlz=1C1CHBD_pt-PTPT971PT971#imgrc=HL4iyE8ZQL0w0M", "cover": "trainwreck.jpg"}}, {"model": "products.movie", "pk": 67, "fields": {"movie_category": 1, "movie_sub_category": 3, "movie_edition1": 1, "movie_edition2": 2, "movie_edition3": 3, "sku": "m039", "title": "Encanto", "director": "Jared Bush, Byron Howard and Charise Castro Smith", "synopsis": "A Colombian teenage girl has to face the frustration of being the only member of her family without magical powers.", "created_on": "2022-08-14T13:08:32.105Z", "price": "6.90", "price_bluray": "12.35", "price_4k": "19.99", "rating": "3.60", "cover_url": "https://www.google.com/search?q=encanto+imdb&tbm=isch&ved=2ahUKEwix6bD398H5AhUNphoKHaxiCdYQ2-cCegQIABAA&oq=encanto+imdb&gs_lcp=CgNpbWcQAzIECAAQEzoECCMQJzoGCAAQHhAHOggIABAeEAcQBVDYB1joD2CPF2gAcAB4AIABeYgBnweSAQMwLjiYAQCgAQGqAQtnd3Mtd2l6LWltZ8ABAQ&sclient=img&ei=l5z2YvHBNI3MaqzFpbAN&bih=555&biw=1280&rlz=1C1CHBD_pt-PTPT971PT971#imgrc=kpdwEbJyTkUfsM", "cover": "encanto.jpg"}}, {"model": "products.movie", "pk": 68, "fields": {"movie_category": 1, "movie_sub_category": 4, "movie_edition1": 1, "movie_edition2": 2, "movie_edition3": 3, "sku": "m040", "title": "Parasite", "director": "Bong Joon Ho", "synopsis": "Greed and class discrimination threaten the newly formed symbiotic relationship between the wealthy Park family and the destitute Kim clan.", "created_on": "2022-08-14T13:08:32.105Z", "price": "7.49", "price_bluray": "13.36", "price_4k": "18.75", "rating": "4.25", "cover_url": "https://www.google.com/search?q=parasite+imdb&tbm=isch&ved=2ahUKEwiO2IWz-MH5AhUPYRoKHckhDWEQ2-cCegQIABAA&oq=parasite+imdb&gs_lcp=CgNpbWcQAzIECAAQEzIECAAQEzIICAAQHhAHEBMyCAgAEB4QBxATMggIABAeEAgQEzoECCMQJzoGCAAQHhAHOggIABAeEAgQB1CuDVitGWCwHGgAcAB4AIABfogBiwiSAQMwLjmYAQCgAQGqAQtnd3Mtd2l6LWltZ8ABAQ&sclient=img&ei=FJ32Yo7-O4_CacnDtIgG&bih=555&biw=1280&rlz=1C1CHBD_pt-PTPT971PT971#imgrc=y5TzgEDRCLZxcM", "cover": "parasite.jpg"}}, {"model": "products.movie", "pk": 69, "fields": {"movie_category": 1, "movie_sub_category": 5, "movie_edition1": 1, "movie_edition2": 2, "movie_edition3": 3, "sku": "m041", "title": "Midsommar", "director": "Ari Aster", "synopsis": "A couple travels to Northern Europe to visit a rural hometown's fabled Swedish mid-summer festival. What begins as an idyllic retreat quickly devolves into an increasingly violent and bizarre competition at the hands of a pagan cult.", "created_on": "2022-08-14T13:08:32.105Z", "price": "5.70", "price_bluray": "10.99", "price_4k": "18.10", "rating": "3.55", "cover_url": "https://www.google.com/search?q=midsommar+imdb&tbm=isch&ved=2ahUKEwirn4T6-MH5AhULWxoKHXkhBuUQ2-cCegQIABAA&oq=midsommar+imdb&gs_lcp=CgNpbWcQAzIGCAAQHhAHMgYIABAeEAcyCAgAEB4QCBAHMggIABAeEAgQBzoECCMQJzoECAAQEzoICAAQHhAIEBNQgwdY6Q9gsBBoAHAAeAGAAZYBiAG-CJIBAzAuOZgBAKABAaoBC2d3cy13aXotaW1nwAEB&sclient=img&ei=qZ32YuumNIu2afnCmKgO&bih=555&biw=1280&rlz=1C1CHBD_pt-PTPT971PT971#imgrc=dnpSSb87I765tM", "cover": "midsommar.jpg"}}, {"model": "products.movie", "pk": 70, "fields": {"movie_category": 1, "movie_sub_category": 6, "movie_edition1": 1, "movie_edition2": 2, "movie_edition3": 3, "sku": "m042", "title": "Mamma Mia! Here We Go Again", "director": "Ol Parker", "synopsis": "Five years after the events of Mamma Mia! (2008), Sophie prepares for the grand reopening of the Hotel Bella Donna as she learns more about her mother's past.", "created_on": "2022-08-14T13:08:32.105Z", "price": "8.99", "price_bluray": "14.60", "price_4k": "20.85", "rating": "3.30", "cover_url": "https://www.google.com/search?q=mamma+mia+here+we+go+again+imdb&tbm=isch&ved=2ahUKEwis8azi-cH5AhWSVfEDHey9CQ8Q2-cCegQIABAA&oq=mamma+mia+here+we+go+again+imdb&gs_lcp=CgNpbWcQAzIECAAQGDoECCMQJzoICAAQHhAIEBNQph9Y2jdg1DtoAHAAeACAAXaIAf8OkgEEMC4xOJgBAKABAaoBC2d3cy13aXotaW1nwAEB&sclient=img&ei=hJ72YqyfJpKrxc8P7PumeA&bih=555&biw=1280&rlz=1C1CHBD_pt-PTPT971PT971#imgrc=sSVEYNARLqIK9M", "cover": "mammamia2.jpg"}}, {"model": "products.movie", "pk": 71, "fields": {"movie_category": 1, "movie_sub_category": 7, "movie_edition1": 1, "movie_edition2": 2, "movie_edition3": 3, "sku": "m043", "title": "Marriage Story", "director": "Noah Baumbach", "synopsis": "Noah Baumbach's incisive and compassionate look at a marriage breaking up and a family staying together.", "created_on": "2022-08-14T13:08:32.105Z", "price": "6.90", "price_bluray": "12.46", "price_4k": "18.12", "rating": "3.95", "cover_url": "https://www.google.com/search?q=marriage+story+imdb&tbm=isch&ved=2ahUKEwj10p7v-cH5AhWAQfEDHdhICmwQ2-cCegQIABAA&oq=marria+imdb&gs_lcp=CgNpbWcQARgAMgYIABAeEAc6BAgjECc6BAgAEBM6CAgAEB4QBxATOggIABAeEAcQBToICAAQHhAIEAdQ4QZYrhhglSRoA3AAeACAAZsBiAGoCZIBBDAuMTCYAQCgAQGqAQtnd3Mtd2l6LWltZ8ABAQ&sclient=img&ei=n572YrWHKICDxc8P2JGp4AY&bih=555&biw=1280&rlz=1C1CHBD_pt-PTPT971PT971#imgrc=NW0-wN-4b7C6pM", "cover": "marriagestory.jpg"}}, {"model": "products.movie", "pk": 72, "fields": {"movie_category": 1, "movie_sub_category": 8, "movie_edition1": 1, "movie_edition2": 2, "movie_edition3": 3, "sku": "m044", "title": "Blade Runner 2049", "director": "Dennis Villeneuve", "synopsis": "Young Blade Runner K's discovery of a long-buried secret leads him to track down former Blade Runner Rick Deckard, who's been missing for thirty years.", "created_on": "2022-08-14T13:08:32.105Z", "price": "9.49", "price_bluray": "14.99", "price_4k": "19.99", "rating": "4.00", "cover_url": "https://www.google.com/search?q=blade+runner+2049+imdb&tbm=isch&ved=2ahUKEwinprSe-sH5AhVgX_EDHVnOAeQQ2-cCegQIABAA&oq=blade+runner++imdb&gs_lcp=CgNpbWcQARgBMgUIABCABDIGCAAQHhAHMgYIABAeEAcyBggAEB4QBzoECCMQJzoICAAQHhAHEAU6BAgAEBM6CAgAEB4QBxATOgoIABAeEAcQBRATOggIABAeEAUQE1C5Blj2HmC5KWgAcAB4AIABc4gB4AuSAQQwLjE0mAEAoAEBqgELZ3dzLXdpei1pbWfAAQE&sclient=img&ei=Ap_2YqedI-C-xc8P2ZyHoA4&bih=555&biw=1280&rlz=1C1CHBD_pt-PTPT971PT971#imgrc=vFzke3xPph2DdM", "cover": "bladerunner2049.jpg"}}, {"model": "products.movie", "pk": 73, "fields": {"movie_category": 1, "movie_sub_category": 9, "movie_edition1": 1, "movie_edition2": 2, "movie_edition3": 3, "sku": "m045", "title": "Joker", "director": "Todd Phillips", "synopsis": "A mentally troubled stand-up comedian embarks on a downward spiral that leads to the creation of an iconic villain.", "created_on": "2022-08-14T13:08:32.105Z", "price": "4.20", "price_bluray": "8.99", "price_4k": "13.70", "rating": "4.20", "cover_url": "https://www.google.com/search?q=joker+%27imdb&tbm=isch&ved=2ahUKEwihxOXl-sH5AhVNexoKHb6_C-cQ2-cCegQIABAA&oq=joker+%27imdb&gs_lcp=CgNpbWcQAzIECAAQEzIECAAQEzIICAAQHhAHEBMyCAgAEB4QBxATMggIABAeEAcQEzIICAAQHhAHEBMyCAgAEB4QBxATMggIABAeEAgQEzoECCMQJzoGCAAQHhAIOgYIABAeEAc6CAgAEB4QCBAHUJUaWMciYMsiaABwAHgAgAFyiAGQBpIBAzAuN5gBAKABAaoBC2d3cy13aXotaW1nwAEB&sclient=img&ei=mJ_2YqGYEc32ab7_rrgO&bih=555&biw=1280&rlz=1C1CHBD_pt-PTPT971PT971#imgrc=eSUyMKFqBA_vcM", "cover": "joker.jpg"}}, {"model": "products.movie", "pk": 74, "fields": {"movie_category": 1, "movie_sub_category": 10, "movie_edition1": 1, "movie_edition2": 2, "movie_edition3": 3, "sku": "m046", "title": "Inglorious Basterds", "director": "Quentin Tarantino", "synopsis": "In Nazi-occupied France during World War II, a plan to assassinate Nazi leaders by a group of Jewish U.S. soldiers coincides with a theatre owner's vengeful plans for the same.", "created_on": "2022-08-14T13:08:32.105Z", "price": "7.60", "price_bluray": "12.99", "price_4k": "19.99", "rating": "4.15", "cover_url": "https://www.google.com/search?q=inglourious+basterds+imdb&tbm=isch&ved=2ahUKEwjv1ICq-8H5AhUL8hoKHQQDCy4Q2-cCegQIABAA&oq=ingl+imdb&gs_lcp=CgNpbWcQARgAMgYIABAeEAcyCAgAEB4QBxAFOgQIIxAnOgQIABAeOgYIABAeEAg6BQgAEIAEOgQIABBDUPsHWKwdYKwlaABwAHgAgAFziAHvBZIBAzEuNpgBAKABAaoBC2d3cy13aXotaW1nwAEB&sclient=img&ei=J6D2Yq-lFIvka4SGrPAC&bih=555&biw=1280&rlz=1C1CHBD_pt-PTPT971PT971#imgrc=KmlPxvYjurAoPM", "cover": "ingloriuosbasterds.jpg"}}, {"model": "products.movie", "pk": 75, "fields": {"movie_category": 1, "movie_sub_category": 9, "movie_edition1": 1, "movie_edition2": 2, "movie_edition3": 3, "sku": "m047", "title": "Wind River", "director": "Taylor Sheridan", "synopsis": "A veteran hunter helps an FBI agent investigate the murder of a young woman on a Wyoming Native American reservation.", "created_on": "2022-08-14T13:08:32.105Z", "price": "6.70", "price_bluray": "9.99", "price_4k": "17.67", "rating": "3.85", "cover_url": "https://www.google.com/search?q=wond+river+imdb&tbm=isch&ved=2ahUKEwjIpbnX-8H5AhWPz4UKHaNADy4Q2-cCegQIABAA&oq=wond+river+imdb&gs_lcp=CgNpbWcQAzoECCMQJzoECAAQGDoGCAAQHhAHUK0JWP0VYOMWaABwAHgAgAGGAYgB4AiSAQMxLjmYAQCgAQGqAQtnd3Mtd2l6LWltZ8ABAQ&sclient=img&ei=hqD2YsjKJo-flwSjgb3wAg&bih=555&biw=1280&rlz=1C1CHBD_pt-PTPT971PT971#imgrc=PDP_kK70pHXIIM", "cover": "windriver.jpg"}}, {"model": "products.movie", "pk": 76, "fields": {"movie_category": 1, "movie_sub_category": 12, "movie_edition1": 1, "movie_edition2": 2, "movie_edition3": 3, "sku": "m048", "title": "Creed", "director": "Ryan Coogler", "synopsis": "The former World Heavyweight Champion Rocky Balboa serves as a trainer and mentor to Adonis Johnson, the son of his late friend and former rival Apollo Creed.", "created_on": "2022-08-14T13:08:32.105Z", "price": "4.79", "price_bluray": "9.50", "price_4k": "18.34", "rating": "3.80", "cover_url": "https://www.google.com/search?q=creed+imdb&tbm=isch&ved=2ahUKEwii9KiP_MH5AhUGphoKHTOxA7AQ2-cCegQIABAA&oq=creed+imdb&gs_lcp=CgNpbWcQAzIECAAQEzIICAAQHhAHEBMyCAgAEB4QBRATOgQIIxAnOgYIABAeEAc6CAgAEB4QCBAHUMAHWLEUYPQWaABwAHgAgAF_iAGoBpIBAzAuN5gBAKABAaoBC2d3cy13aXotaW1nwAEB&sclient=img&ei=-6D2YuKKMYbMarPijoAL&bih=555&biw=1280&rlz=1C1CHBD_pt-PTPT971PT971#imgrc=tyQbC8wl_MCdyM", "cover": "creed.jpg"}}, {"model": "products.movie", "pk": 77, "fields": {"movie_category": 1, "movie_sub_category": 14, "movie_edition1": 1, "movie_edition2": 2, "movie_edition3": 3, "sku": "m049", "title": "Tomb Raider", "director": "Roar Uthaug", "synopsis": "Lara Croft (Alicia Vikander), the fiercely independent daughter of a missing adventurer, must push herself beyond her limits when she discovers the island where her father, Lord Richard Croft (Dominic West) disappeared.", "created_on": "2022-08-14T13:08:32.105Z", "price": "8.29", "price_bluray": "14.10", "price_4k": "19.99", "rating": "3.15", "cover_url": "https://www.google.com/search?q=tomb+raider+imdb&tbm=isch&ved=2ahUKEwjE_ayq_cH5AhUNNBoKHawgD-0Q2-cCegQIABAA&oq=tomb++imdb&gs_lcp=CgNpbWcQARgAMgYIABAeEAcyBggAEB4QBzoECCMQJzoGCAAQHhAIOgQIABBDOgUIABCABFD4OliEUWCzW2gDcAB4AIABfIgB4wmSAQQwLjExmAEAoAEBqgELZ3dzLXdpei1pbWfAAQE&sclient=img&ei=QKL2YsTdOI3oaKzBvOgO&bih=555&biw=1280&rlz=1C1CHBD_pt-PTPT971PT971#imgrc=Bsty511V1lz-JM", "cover": "tombraider.jpg"}}, {"model": "products.movie", "pk": 78, "fields": {"movie_category": 1, "movie_sub_category": 1, "movie_edition1": 1, "movie_edition2": 2, "movie_edition3": 3, "sku": "m050", "title": "Dunkirk", "director": "Christopher Nolan", "synopsis": "Allied soldiers from Belgium, the British Commonwealth and Empire, and France are surrounded by the German Army and evacuated during a fierce battle in World War II.", "created_on": "2022-08-14T13:08:32.105Z", "price": "7.99", "price_bluray": "12.99", "price_4k": "17.99", "rating": "3.90", "cover_url": "https://www.google.com/search?q=dunkirk+imdb&tbm=isch&ved=2ahUKEwj0sY2x_cH5AhXP44UKHc04AM8Q2-cCegQIABAA&oq=dunkirk+imdb&gs_lcp=CgNpbWcQAzIGCAAQHhAHMgYIABAeEAcyBggAEB4QBzoECCMQJzoICAAQHhAHEBM6CAgAEB4QCBATOgYIABAeEAhQ6AtY2iZgqSdoAHAAeACAAZEBiAGlB5IBAzAuOJgBAKABAaoBC2d3cy13aXotaW1nwAEB&sclient=img&ei=T6L2YrTOBc_HlwTN8YD4DA&bih=555&biw=1280&rlz=1C1CHBD_pt-PTPT971PT971#imgrc=yBjqfn5u8tiv0M", "cover": "dunkirk.jpg"}}, {"model": "products.movie", "pk": 79, "fields": {"movie_category": 1, "movie_sub_category": 1, "movie_edition1": 1, "movie_edition2": 2, "movie_edition3": 3, "sku": "m051", "title": "The Big Sick", "director": "Michael Showalter", "synopsis": "Pakistan-born comedian Kumail Nanjiani and grad student Emily Gardner fall in love but struggle as their cultures clash. When Emily contracts a mysterious illness, Kumail finds himself forced to face her feisty parents, his family's expectations, and his true feelings.", "created_on": "2022-08-14T13:08:32.105Z", "price": "5.99", "price_bluray": "9.79", "price_4k": "15.10", "rating": "3.75", "cover_url": "https://www.google.com/search?q=big+sick+imdb&tbm=isch&ved=2ahUKEwj1qrGG_sH5AhX5gM4BHQP8DwUQ2-cCegQIABAA&oq=big+sick+imdb&gs_lcp=CgNpbWcQAzIGCAAQHhAFOgQIIxAnOgQIABATOggIABAeEAgQEzoICAAQHhAHEBM6CAgAEB4QBxAFOggIABAeEAgQB1CaB1jYD2CtEWgAcAB4AIABeogBpweSAQMyLjeYAQCgAQGqAQtnd3Mtd2l6LWltZ8ABAQ&sclient=img&ei=AaP2YrWmOfmBur4Pg_i_KA&bih=555&biw=1280&rlz=1C1CHBD_pt-PTPT971PT971#imgrc=ms6NHc9lwXQYwM", "cover": "bigsick.jpg"}}, {"model": "products.movie", "pk": 80, "fields": {"movie_category": 1, "movie_sub_category": 3, "movie_edition1": 1, "movie_edition2": 2, "movie_edition3": 3, "sku": "m052", "title": "Your Name", "director": "Makoto Shinkai", "synopsis": "Two strangers find themselves linked in a bizarre way. When a connection forms, will distance be the only thing to keep them apart?", "created_on": "2022-08-14T13:08:32.105Z", "price": "6.99", "price_bluray": "13.49", "price_4k": "19.44", "rating": "4.20", "cover_url": "https://www.google.com/search?q=your+name+imdb&tbm=isch&ved=2ahUKEwiTrNLE_sH5AhXS3oUKHdA9AfQQ2-cCegQIABAA&oq=your+name+imdb&gs_lcp=CgNpbWcQAzIECAAQEzIKCAAQHhAHEAUQEzIICAAQHhAFEBM6BggAEB4QBzoECAAQQzoICAAQHhAHEAVQ2AdYgBFg5RJoAHAAeACAAXGIAdcHkgEDNi40mAEAoAEBqgELZ3dzLXdpei1pbWfAAQE&sclient=img&ei=hKP2YpPaHtK9lwTQ-4SgDw&bih=555&biw=1280&rlz=1C1CHBD_pt-PTPT971PT971#imgrc=sXTP4qY-20sC4M", "cover": "yourname.jpg"}}, {"model": "products.movie", "pk": 81, "fields": {"movie_category": 1, "movie_sub_category": 4, "movie_edition1": 1, "movie_edition2": 2, "movie_edition3": 3, "sku": "m053", "title": "Room", "director": "Lenny Abrahamson", "synopsis": "Held captive for 7 years in an enclosed space, a woman and her young son finally gain their freedom, allowing the boy to experience the outside world for the first time.", "created_on": "2022-08-14T13:08:32.105Z", "price": "5.99", "price_bluray": "9.29", "price_4k": "17.69", "rating": "4.05", "cover_url": "https://www.google.com/search?q=room+imdb&tbm=isch&ved=2ahUKEwi62f-D_8H5AhUKphoKHQL7Dw0Q2-cCegQIABAA&oq=room+imdb&gs_lcp=CgNpbWcQAzIECAAQEzIECAAQEzIICAAQHhAHEBMyCAgAEB4QBxATMggIABAeEAcQEzIICAAQHhAHEBMyCAgAEB4QBxATMgoIABAeEAcQBRATMgoIABAeEAcQBRATMgoIABAeEAcQBRATOgQIIxAnOggIABAeEAgQEzoGCAAQHhAHUOEGWOgJYLEMaABwAHgAgAFsiAHuA5IBAzMuMpgBAKABAaoBC2d3cy13aXotaW1nwAEB&sclient=img&ei=CaT2YvqwForMaoL2v2g&bih=555&biw=1280&rlz=1C1CHBD_pt-PTPT971PT971#imgrc=rWtbkq0NhFverM", "cover": "room.jpg"}}, {"model": "products.movie", "pk": 82, "fields": {"movie_category": 1, "movie_sub_category": 5, "movie_edition1": 1, "movie_edition2": 2, "movie_edition3": 3, "sku": "m054", "title": "It Follows", "director": "David Robert Mitchell", "synopsis": "A young woman is followed by an unknown supernatural force after a sexual encounter.", "created_on": "2022-08-14T13:08:32.105Z", "price": "4.75", "price_bluray": "10.69", "price_4k": "19.99", "rating": "3.40", "cover_url": "https://www.google.com/search?q=it+follows+imdb&tbm=isch&ved=2ahUKEwj9prrM_8H5AhWbhc4BHZFrAhYQ2-cCegQIABAA&oq=it+follows+imdb&gs_lcp=CgNpbWcQAzIECAAQEzoECCMQJzoICAAQHhAHEBM6CAgAEB4QCBATOgYIABAeEAc6CAgAEB4QBxAFUKoHWKgTYOwUaABwAHgAgAFriAHSCJIBAzMuOJgBAKABAaoBC2d3cy13aXotaW1nwAEB&sclient=img&ei=oaT2Yr3SE5uLur4PkdeJsAE&bih=555&biw=1280&rlz=1C1CHBD_pt-PTPT971PT971#imgrc=B28J98x_2W8aiM", "cover": "itfollows.jpg"}}, {"model": "products.movie", "pk": 83, "fields": {"movie_category": 1, "movie_sub_category": 4, "movie_edition1": 1, "movie_edition2": 2, "movie_edition3": 3, "sku": "m055", "title": "Beautiful Boy", "director": "Felix van Groeningen", "synopsis": "Based on the best-selling pair of memoirs from father and son David and Nic Sheff, Beautiful Boy chronicles the heartbreaking and inspiring experience of survival, relapse and recovery in a family coping with addiction over many years.", "created_on": "2022-08-14T13:11:33.482Z", "price": "9.99", "price_bluray": "13.79", "price_4k": "20.99", "rating": "3.65", "cover_url": "https://www.google.com/search?q=imdb+beautiful+boy&rlz=1C1CHBD_pt-PTPT971PT971&sxsrf=ALiCzsZs_Cn7eterYIdGrVcXZQ-tlVmOxw:1660482584041&source=lnms&tbm=isch&sa=X&ved=2ahUKEwic-s7Us8b5AhWt34UKHaFTD-YQ_AUoAnoECAEQBA&biw=1280&bih=587&dpr=1.5#imgrc=gB384xelQzEpaM", "cover": "beautifulboy.jpg"}}, {"model": "products.movie", "pk": 84, "fields": {"movie_category": 1, "movie_sub_category": 4, "movie_edition1": 1, "movie_edition2": 2, "movie_edition3": 3, "sku": "m090", "title": "The Lives of Others", "director": "Florian Henckel von Donnersmarck", "synopsis": "In 1984 East Berlin, an agent of the secret police, conducting surveillance on a writer and his lover, finds himself becoming increasingly absorbed by their lives.", "created_on": "2022-08-25T14:47:12.619Z", "price": "8.99", "price_bluray": "13.99", "price_4k": "17.99", "rating": "4.20", "cover_url": "https://www.google.com/search?q=the+lives+of+others+imdb&tbm=isch&ved=2ahUKEwiw9N-nneL5AhULrhoKHamABg0Q2-cCegQIABAA&oq=the+lives+of+others+imdb&gs_lcp=CgNpbWcQAzIECAAQEzoHCAAQsQMQQzoFCAAQgAQ6BAgjECc6CAgAELEDEIMBOggIABCABBCxAzoLCAAQgAQQsQMQgwE6BAgAEEM6CggAELEDEIMBEEM6BAgAEAM6BAgAEB46BggAEB4QCDoECAAQGDoICAAQHhAIEBNQjwhYhSxg0yxoAHAAeACAAdUCiAGPO5IBBDMtMjSYAQCgAQGqAQtnd3Mtd2l6LWltZ7gBA8ABAQ&sclient=img&ei=wYoHY_CPAovcaqmBmmg&bih=587&biw=1280&rlz=1C1CHBD_pt-PTPT971PT971#imgrc=MYAiKCFr8KbDZM", "cover": "thelivesofothers.jpg"}}, {"model": "checkout.order", "pk": 1, "fields": {"order_number": "C3CC1555E2DF4A0C9EA991A24D9EA5B5", "user_profile": null, "full_name": "asfsafa", "email": "asfsafsa@asasas.com", "phone_number": "123456789", "country": "portugal", "postcode": "1432-938", "town_or_city": "dffdsfsedf", "street_address1": "ewfwefefw", "street_address2": null, "county": "wefwfe", "date": "2022-08-21T15:10:31.499Z", "delivery_cost": "2.35", "order_total": "23.48", "grand_total": "25.83", "original_bag": "", "stripe_pid": ""}}, {"model": "checkout.order", "pk": 2, "fields": {"order_number": "0D0431DA592B4A1FB4C07C3B629677A3", "user_profile": null, "full_name": "sadfsadsad", "email": "basdsad@asada.com", "phone_number": "123456767", "country": "portugal", "postcode": "1234-567", "town_or_city": "dsfwefewf", "street_address1": "ewfweef", "street_address2": "weffew", "county": "wefewf", "date": "2022-08-21T15:21:06.308Z", "delivery_cost": "1.69", "order_total": "16.90", "grand_total": "18.59", "original_bag": "", "stripe_pid": ""}}, {"model": "checkout.order", "pk": 3, "fields": {"order_number": "A335C6ACA0F74361AAE30F611F8A5750", "user_profile": null, "full_name": "esdasdsafg", "email": "ghgthre@asdsd.com", "phone_number": "123456787", "country": "portugal", "postcode": "1234-678", "town_or_city": "asefewfw", "street_address1": "ewfwefwf", "street_address2": "weewff", "county": "tyr5thy", "date": "2022-08-21T15:22:09.136Z", "delivery_cost": "3.00", "order_total": "29.99", "grand_total": "32.99", "original_bag": "", "stripe_pid": ""}}, {"model": "checkout.order", "pk": 4, "fields": {"order_number": "3D81E7A44E964D49B260A73CB278C5CD", "user_profile": null, "full_name": "awsdsad", "email": "dffdf@dsfdsfs.com", "phone_number": "123456789", "country": "xcdsvsdfv", "postcode": "1234-456", "town_or_city": "cxvdfvd", "street_address1": "dsdsvd", "street_address2": "sregreg", "county": "egrgeg", "date": "2022-08-21T16:40:13.499Z", "delivery_cost": "0.42", "order_total": "4.20", "grand_total": "4.62", "original_bag": "", "stripe_pid": ""}}, {"model": "checkout.order", "pk": 5, "fields": {"order_number": "182185AC846446B494782948B2FB7E85", "user_profile": null, "full_name": "esdewr", "email": "egge@dssf.com", "phone_number": "123456789", "country": "portugal", "postcode": "12345-678", "town_or_city": "dsffreef", "street_address1": "egrtwefgw", "street_address2": "wgeg", "county": "ewgwg", "date": "2022-08-21T18:08:52.249Z", "delivery_cost": "1.55", "order_total": "15.49", "grand_total": "17.04", "original_bag": "", "stripe_pid": ""}}, {"model": "checkout.order", "pk": 6, "fields": {"order_number": "EDF28FDE0D414D8AB2E65BC6E4AA775A", "user_profile": null, "full_name": "ergterg", "email": "erger@ijerd.com", "phone_number": "123456789", "country": "portugal", "postcode": "1234-456", "town_or_city": "dsafewf", "street_address1": "trhtrhtrh", "street_address2": null, "county": "rthrthr", "date": "2022-08-21T18:15:43.104Z", "delivery_cost": "0.50", "order_total": "4.99", "grand_total": "5.49", "original_bag": "", "stripe_pid": ""}}, {"model": "checkout.order", "pk": 7, "fields": {"order_number": "1D9EA8CACD4A4AE5A576C701F75F79E0", "user_profile": null, "full_name": "ewfsfdsa", "email": "safasfsaf@gmail.copm", "phone_number": "123344456", "country": "PT", "postcode": "1234-567", "town_or_city": "awsasdcsad", "street_address1": "asdfsdafafsa", "street_address2": "safsafa", "county": "safsafsa", "date": "2022-08-22T13:45:44.705Z", "delivery_cost": "0.00", "order_total": "40.12", "grand_total": "40.12", "original_bag": "{\"7\": 5, \"27\": 2}", "stripe_pid": "pi_3LZaw3FbyxyFPLD61sJwcZFo"}}, {"model": "checkout.order", "pk": 8, "fields": {"order_number": "6B1EE4B7285645FDB50BD84C66B1363B", "user_profile": null, "full_name": "Gemma", "email": "testci3@test.com", "phone_number": "1237012772", "country": "DE", "postcode": "B1 234", "town_or_city": "asdfsdfsd", "street_address1": "dfadfg", "street_address2": null, "county": null, "date": "2022-08-22T13:46:34.497Z", "delivery_cost": "0.95", "order_total": "9.50", "grand_total": "10.45", "original_bag": "{\"2\": 1}", "stripe_pid": "pi_3LZar8FbyxyFPLD6108G85Wt"}}, {"model": "checkout.orderlineitem", "pk": 1, "fields": {"order": 1, "product": 2, "quantity": 1, "lineitem_total": "9.50"}}, {"model": "checkout.orderlineitem", "pk": 2, "fields": {"order": 1, "product": 26, "quantity": 1, "lineitem_total": "3.99"}}, {"model": "checkout.orderlineitem", "pk": 3, "fields": {"order": 1, "product": 28, "quantity": 1, "lineitem_total": "9.99"}}, {"model": "checkout.orderlineitem", "pk": 4, "fields": {"order": 2, "product": 6, "quantity": 1, "lineitem_total": "5.95"}}, {"model": "checkout.orderlineitem", "pk": 5, "fields": {"order": 2, "product": 43, "quantity": 1, "lineitem_total": "10.95"}}, {"model": "checkout.orderlineitem", "pk": 6, "fields": {"order": 3, "product": 16, "quantity": 1, "lineitem_total": "29.99"}}, {"model": "checkout.orderlineitem", "pk": 7, "fields": {"order": 4, "product": 73, "quantity": 1, "lineitem_total": "4.20"}}, {"model": "checkout.orderlineitem", "pk": 8, "fields": {"order": 5, "product": 2, "quantity": 1, "lineitem_total": "9.50"}}, {"model": "checkout.orderlineitem", "pk": 9, "fields": {"order": 5, "product": 14, "quantity": 1, "lineitem_total": "5.99"}}, {"model": "checkout.orderlineitem", "pk": 10, "fields": {"order": 6, "product": 3, "quantity": 1, "lineitem_total": "4.99"}}, {"model": "checkout.orderlineitem", "pk": 11, "fields": {"order": 7, "product": 7, "quantity": 5, "lineitem_total": "35.35"}}, {"model": "checkout.orderlineitem", "pk": 12, "fields": {"order": 7, "product": 27, "quantity": 1, "lineitem_total": "4.77"}}, {"model": "checkout.orderlineitem", "pk": 13, "fields": {"order": 8, "product": 2, "quantity": 1, "lineitem_total": "9.50"}}, {"model": "profiles.userprofile", "pk": 1, "fields": {"user": 2, "default_phone_number": null, "default_street_address1": null, "default_street_address2": null, "default_town_or_city": null, "default_county": null, "default_postcode": null, "default_country": null}}, {"model": "profiles.userprofile", "pk": 2, "fields": {"user": 1, "default_phone_number": null, "default_street_address1": null, "default_street_address2": null, "default_town_or_city": null, "default_county": null, "default_postcode": null, "default_country": null}}]